datetime,Guanyuan,Nongzhanguan,Huairou,Dongsi,Wanshouxigong,Tiantan,Dingling,Wanliu,Gucheng,Aotizhongxin,Changping,Shunyi
2013-03-01,23,27,29,27,21,25,30,17,28,23,29,23
2013-03-02,20,22,24,24,24,22,25,24,30,25,23,22
2013-03-03,71,81,48,78,78,72,39,78,72,72,49,57
2013-03-04,25,23,27,24,23,22,28,31,30,26,24,20
2013-03-05,98,103,72,109,102,93,70,118,103,110,75,87
2013-03-06,137,128,117,139,139,123,135,166,153,159,154,111
2013-03-07,168,176,145,183,182,166,91,191,185,189,134,180
2013-03-08,149,143,139,139,154,132,130,164,160,178,143,147
2013-03-09,118,130,85,121,140,123,134,123,145,126,120,105
2013-03-10,35,35,41,39,30,39,35,42,45,41,36,42
2013-03-11,97,80,85,89,86,86,90,118,118,106,98,94
2013-03-12,70,76,63,76,74,76,82,89,83,73,86,69
2013-03-13,27,29,32,29,23,27,32,18,24,26,31,28
2013-03-14,62,57,72,63,51,59,64,72,69,64,72,60
2013-03-15,136,135,134,137,125,128,122,150,143,150,118,132
2013-03-16,137,146,141,146,141,148,142,157,146,154,144,140
2013-03-17,169,169,171,173,176,173,195,190,184,185,166,172
2013-03-18,64,51,69,60,59,58,38,64,68,70,43,56
2013-03-19,26,19,17,28,30,26,27,25,22,29,21,15
2013-03-20,31,29,21,34,33,34,23,32,38,29,21,22
2013-03-21,90,81,77,87,87,80,79,95,97,97,85,77
2013-03-22,67,70,64,74,74,65,54,74,75,86,67,67
2013-03-23,41,52,31,50,49,44,39,50,61,53,47,34
2013-03-24,22,24,26,26,21,25,29,20,28,22,23,22
2013-03-25,68,75,71,72,73,65,65,84,95,86,77,72
2013-03-26,127,121,126,100,126,115,121,143,150,150,135,128
2013-03-27,73,70,82,58,61,56,70,70,94,73,81,63
2013-03-28,31,28,29,32,26,29,32,31,32,32,24,25
2013-03-29,68,77,48,80,71,69,39,74,68,84,50,67
2013-03-30,63,59,75,63,57,53,62,68,63,66,67,59
2013-03-31,117,109,108,115,115,107,88,130,117,116,103,94
2013-04-01,69,66,83,71,61,65,89,78,74,67,74,70
2013-04-02,72,76,69,80,81,76,55,91,88,84,62,65
2013-04-03,105,109,122,116,110,93,114,135,118,122,123,100
2013-04-04,55,61,51,64,59,57,46,59,56,66,48,48
2013-04-05,36,33,26,35,36,37,32,41,32,32,36,23
2013-04-06,24,27,23,28,21,25,27,18,23,22,26,21
2013-04-07,65,62,68,69,67,60,57,81,82,76,62,61
2013-04-08,74,67,39,72,55,65,52,73,80,74,73,43
2013-04-09,31,33,38,34,29,27,36,28,35,28,34,29
2013-04-10,24,26,33,28,22,22,31,21,31,21,23,20
2013-04-11,32,23,25,23,25,31,28,34,30,38,23,20
2013-04-12,56,69,72,58,66,57,44,74,73,81,52,54
2013-04-13,77,76,52,72,73,71,37,76,78,82,51,58
2013-04-14,53,57,51,51,58,50,43,66,69,65,44,36
2013-04-15,80,87,118,83,80,76,96,94,90,109,95,75
2013-04-16,74,81,82,81,80,73,62,73,74,96,77,77
2013-04-17,39,40,53,50,38,35,43,44,50,54,46,44
2013-04-18,29,30,35,32,26,28,31,28,29,25,32,27
2013-04-19,39,42,47,50,45,37,38,49,50,52,39,38
2013-04-20,41,43,56,46,45,43,44,45,50,50,49,45
2013-04-21,78,79,94,86,79,71,66,94,108,95,79,83
2013-04-22,99,93,117,105,101,92,109,113,121,110,100,86
2013-04-23,108,109,105,117,114,111,108,122,120,115,113,106
2013-04-24,71,53,25,64,62,65,41,84,86,70,68,46
2013-04-25,29,23,33,27,19,25,29,29,30,23,27,24
2013-04-26,76,89,56,77,70,68,49,92,73,90,51,56
2013-04-27,60,81,78,74,66,63,63,62,70,77,62,68
2013-04-28,63,74,80,65,59,63,64,71,71,71,71,79
2013-04-29,52,43,40,37,44,47,37,54,56,36,33,37
2013-04-30,35,39,34,35,46,41,35,45,66,32,33,32
2013-05-01,50,58,60,54,53,46,45,58,67,54,47,48
2013-05-02,65,84,76,76,68,65,72,76,85,76,71,74
2013-05-03,47,49,51,48,48,44,52,50,56,51,47,43
2013-05-04,65,69,88,69,70,63,77,80,92,72,77,64
2013-05-05,129,154,129,153,137,126,108,140,145,145,107,108
2013-05-06,146,169,163,157,145,139,142,149,164,152,137,138
2013-05-07,124,140,157,127,114,110,106,129,140,138,107,131
2013-05-08,98,101,150,100,95,93,110,96,125,96,101,104
2013-05-09,28,36,143,32,30,41,40,37,59,40,32,37
2013-05-10,51,55,136,58,49,60,24,50,69,59,36,47
2013-05-11,81,78,129,81,63,82,25,77,69,79,38,59
2013-05-12,105,51,122,55,50,59,34,52,68,63,38,39
2013-05-13,128,100,115,112,96,110,76,97,99,109,67,120
2013-05-14,70,65,108,75,65,78,50,76,80,72,62,73
2013-05-15,86,86,101,91,82,86,76,85,91,96,68,96
2013-05-16,66,62,70,65,65,65,83,62,79,74,72,55
2013-05-17,85,82,87,81,88,87,103,80,97,83,94,73
2013-05-18,87,77,99,82,87,81,107,84,125,92,99,69
2013-05-19,117,84,86,95,80,93,80,93,86,103,101,57
2013-05-20,82,71,75,78,84,83,50,78,95,87,66,54
2013-05-21,144,119,128,131,136,141,110,117,134,143,120,115
2013-05-22,77,65,110,70,81,86,88,82,90,84,91,89
2013-05-23,82,76,73,76,81,98,57,82,82,83,74,115
2013-05-24,110,99,65,95,102,147,40,85,102,106,61,95
2013-05-25,65,57,66,55,67,82,53,65,85,72,60,62
2013-05-26,73,61,71,63,69,75,61,65,81,71,65,66
2013-05-27,44,37,35,40,41,45,24,44,41,49,28,30
2013-05-28,45,43,58,45,41,44,45,54,50,52,45,54
2013-05-29,33,26,29,29,27,37,23,26,35,34,35,33
2013-05-30,80,70,71,76,80,99,46,65,89,83,60,79
2013-05-31,98,76,103,79,91,89,91,85,109,95,102,92
2013-06-01,68,60,65,65,65,88,34,68,80,73,48,71
2013-06-02,115,90,130,96,110,130,113,118,139,110,126,126
2013-06-03,84,76,79,77,85,96,78,94,105,93,83,82
2013-06-04,91,74,75,75,87,131,69,87,99,100,83,79
2013-06-05,77,74,59,80,75,81,62,85,88,73,78,75
2013-06-06,85,81,57,87,85,98,53,95,100,82,66,67
2013-06-07,81,72,64,83,76,88,71,92,107,78,73,69
2013-06-08,122,93,74,115,104,115,69,111,112,118,73,93
2013-06-09,32,25,27,36,30,35,13,36,29,32,23,32
2013-06-10,18,17,21,18,24,22,15,20,29,21,17,22
2013-06-11,46,42,37,46,43,53,34,43,51,53,35,42
2013-06-12,45,42,47,47,36,41,46,40,48,43,45,43
2013-06-13,80,64,89,77,70,83,76,74,88,83,77,86
2013-06-14,95,82,126,94,86,108,86,83,105,96,97,97
2013-06-15,103,97,113,103,98,110,91,98,117,112,97,93
2013-06-16,108,102,99,106,105,110,93,115,126,110,100,95
2013-06-17,37,40,26,40,30,39,32,39,49,34,37,31
2013-06-18,46,47,45,49,51,57,46,49,53,59,52,54
2013-06-19,53,50,42,51,51,50,38,54,67,50,47,39
2013-06-20,72,84,38,78,78,91,35,55,71,55,46,65
2013-06-21,44,59,63,51,44,52,35,42,46,61,44,73
2013-06-22,31,29,46,31,32,31,22,34,34,38,27,31
2013-06-23,38,43,36,44,41,40,31,31,35,50,36,39
2013-06-24,64,66,135,64,63,73,65,71,67,76,68,132
2013-06-25,70,71,47,74,75,74,45,74,69,72,49,62
2013-06-26,93,98,66,99,96,92,66,101,99,91,63,81
2013-06-27,69,64,40,71,76,80,42,67,74,66,44,47
2013-06-28,185,203,137,195,191,198,125,189,168,197,140,178
2013-06-29,64,58,56,61,60,63,43,71,63,64,59,52
2013-06-30,129,118,123,122,116,114,117,153,138,136,135,118
2013-07-01,94,100,90,97,97,98,118,135,118,104,112,93
2013-07-02,17,33,31,32,33,32,28,23,28,28,28,31
2013-07-03,37,30,24,34,43,42,26,48,46,48,28,30
2013-07-04,43,35,28,42,40,35,27,42,44,38,26,28
2013-07-05,32,36,32,34,37,31,29,29,31,32,30,35
2013-07-06,53,57,63,56,55,56,53,55,53,80,57,67
2013-07-07,54,57,84,58,63,57,50,52,54,66,48,73
2013-07-08,60,58,46,59,56,55,39,60,45,59,43,143
2013-07-09,53,51,39,56,49,51,34,55,22,53,44,24
2013-07-10,20,19,21,21,17,19,9,20,13,25,15,18
2013-07-11,30,25,28,26,30,29,18,31,31,31,24,24
2013-07-12,46,45,46,45,43,46,42,48,47,50,43,49
2013-07-13,74,72,81,73,69,68,79,88,75,77,85,38
2013-07-14,62,56,73,58,58,56,72,77,74,60,76,42
2013-07-15,26,34,20,32,26,29,13,27,23,28,18,27
2013-07-16,20,24,16,22,26,21,22,19,21,20,21,29
2013-07-17,36,48,45,51,41,54,37,45,45,49,41,39
2013-07-18,82,92,102,90,90,89,89,86,85,87,92,93
2013-07-19,84,91,103,89,87,86,53,80,80,78,60,82
2013-07-20,57,68,35,72,98,77,33,52,52,58,30,44
2013-07-21,53,48,80,44,82,52,55,57,66,63,60,54
2013-07-22,60,61,84,67,82,75,65,65,66,75,68,72
2013-07-23,40,44,65,43,55,42,48,40,48,44,48,42
2013-07-24,43,33,35,46,46,49,27,50,42,39,32,29
2013-07-25,48,37,41,48,40,53,39,59,45,48,41,39
2013-07-26,54,40,44,50,34,54,31,46,51,47,37,40
2013-07-27,65,75,46,73,71,70,40,69,65,63,50,65
2013-07-28,38,48,36,44,35,40,24,40,50,41,31,43
2013-07-29,62,52,67,69,52,69,34,61,65,59,46,70
2013-07-30,71,75,77,86,65,73,55,67,65,78,61,75
2013-07-31,50,47,46,68,53,50,50,43,47,42,51,44
2013-08-01,26,25,27,27,25,25,23,26,27,26,27,24
2013-08-02,49,49,39,51,47,49,35,43,44,44,37,44
2013-08-03,47,43,52,45,50,43,49,46,47,34,54,44
2013-08-04,65,62,56,70,57,74,44,62,65,55,51,53
2013-08-05,45,44,46,46,45,43,36,46,47,48,47,45
2013-08-06,85,93,86,107,80,102,69,82,85,103,84,83
2013-08-07,22,23,22,24,25,23,25,24,29,20,21,24
2013-08-08,32,32,33,40,30,35,38,32,41,37,41,35
2013-08-09,43,43,38,49,44,45,35,55,60,47,41,47
2013-08-10,76,84,77,91,54,85,63,80,90,87,73,69
2013-08-11,78,91,96,54,88,91,80,78,103,88,82,111
2013-08-12,32,33,37,39,29,28,32,29,30,29,34,31
2013-08-13,57,55,71,56,54,56,57,55,64,55,58,59
2013-08-14,56,48,58,65,45,59,51,60,68,55,55,46
2013-08-15,80,77,84,85,62,79,66,86,89,83,76,84
2013-08-16,92,81,84,196,89,95,71,86,89,91,80,79
2013-08-17,45,29,31,105,35,45,26,39,37,40,39,40
2013-08-18,27,30,23,32,39,30,27,28,31,28,29,26
2013-08-19,29,25,21,32,46,32,28,38,36,30,29,25
2013-08-20,79,62,56,83,82,70,35,86,80,87,57,63
2013-08-21,65,68,59,64,79,55,48,70,66,64,56,61
2013-08-22,77,75,79,83,89,78,51,82,76,89,64,74
2013-08-23,44,44,26,43,58,39,23,39,38,51,33,28
2013-08-24,49,46,21,53,74,48,29,52,45,49,31,25
2013-08-25,47,54,42,54,63,48,43,54,47,54,48,46
2013-08-26,64,63,55,68,85,63,48,68,63,63,52,47
2013-08-27,54,45,49,48,60,38,43,65,66,51,50,36
2013-08-28,43,41,35,44,51,41,41,46,49,36,42,35
2013-08-29,27,28,13,25,24,21,16,22,23,29,18,16
2013-08-30,16,17,17,19,23,18,19,16,21,14,20,17
2013-08-31,24,32,16,30,36,24,18,30,26,28,20,21
2013-09-01,54,51,22,52,69,55,23,56,48,54,33,29
2013-09-02,37,46,31,45,52,41,32,43,45,45,37,37
2013-09-03,71,69,44,74,86,69,43,78,79,79,64,51
2013-09-04,41,41,41,42,50,44,29,41,35,41,32,38
2013-09-05,24,25,21,24,27,25,25,21,26,19,25,26
2013-09-06,38,42,40,40,51,41,33,41,43,40,36,32
2013-09-07,51,51,31,50,62,45,25,51,57,52,35,29
2013-09-08,76,84,47,85,97,91,33,67,73,70,53,47
2013-09-09,43,45,53,47,54,49,38,48,54,48,41,48
2013-09-10,42,44,46,48,61,43,31,41,42,43,27,48
2013-09-11,65,70,56,65,74,77,38,59,55,64,51,57
2013-09-12,117,109,83,111,126,111,74,112,113,118,94,102
2013-09-13,62,58,47,65,81,67,45,49,58,60,43,70
2013-09-14,35,36,27,44,47,48,15,27,34,39,20,32
2013-09-15,33,28,30,31,40,47,21,41,38,38,32,30
2013-09-16,61,51,54,54,69,55,35,58,58,61,59,55
2013-09-17,74,68,65,68,80,74,45,72,65,72,70,60
2013-09-18,64,61,67,65,63,64,61,71,67,63,69,62
2013-09-19,66,68,68,71,65,68,57,73,66,63,64,72
2013-09-20,34,33,26,37,52,42,20,30,28,44,23,34
2013-09-21,42,57,46,53,54,63,28,39,39,45,34,41
2013-09-22,53,76,68,62,60,57,33,57,54,76,57,91
2013-09-23,26,33,24,28,25,27,13,30,22,36,20,24
2013-09-24,17,13,12,16,23,31,15,24,16,14,11,16
2013-09-25,23,20,33,20,30,30,15,31,31,25,20,24
2013-09-26,52,51,49,52,69,56,28,55,59,56,44,54
2013-09-27,128,132,124,130,142,141,81,135,114,126,97,131
2013-09-28,160,141,152,146,167,145,159,172,170,156,164,138
2013-09-29,132,132,126,138,135,133,129,150,130,138,147,124
2013-09-30,97,79,67,87,95,77,73,118,120,98,81,69
2013-10-01,50,45,32,45,56,48,39,60,67,51,39,32
2013-10-02,15,15,23,16,22,19,19,19,19,18,16,22
2013-10-03,62,51,45,50,75,61,29,60,70,55,46,41
2013-10-04,97,97,97,97,114,103,57,87,89,102,83,108
2013-10-05,183,174,158,184,200,179,162,188,177,180,166,154
2013-10-06,133,118,109,153,124,110,107,156,135,141,119,114
2013-10-07,52,54,61,85,63,59,34,61,56,55,44,49
2013-10-08,49,50,41,48,60,55,20,55,58,52,40,55
2013-10-09,107,95,79,99,119,109,62,110,99,110,84,99
2013-10-10,75,60,56,58,59,74,46,75,73,63,57,63
2013-10-11,47,47,38,49,64,51,39,58,70,57,37,41
2013-10-12,61,47,41,50,67,66,38,71,65,51,52,49
2013-10-13,40,32,30,35,55,49,37,44,46,33,40,36
2013-10-14,25,23,26,26,33,29,20,39,35,22,28,20
2013-10-15,21,16,20,17,28,30,18,31,30,15,21,24
2013-10-16,46,43,30,29,64,47,31,58,51,49,50,48
2013-10-17,87,99,74,93,118,100,68,98,85,102,80,96
2013-10-18,145,134,102,144,162,135,112,154,146,152,115,118
2013-10-19,43,41,52,44,42,48,32,46,40,41,38,47
2013-10-20,21,18,21,20,32,26,15,32,31,28,20,28
2013-10-21,70,70,54,65,81,69,53,76,76,77,59,76
2013-10-22,99,81,71,88,106,85,64,102,97,102,77,80
2013-10-23,51,19,30,40,29,38,41,54,47,40,43,25
2013-10-24,30,18,26,23,28,28,24,28,27,24,24,23
2013-10-25,39,32,37,37,40,31,26,45,34,37,31,32
2013-10-26,51,47,41,48,61,51,48,74,60,54,62,43
2013-10-27,120,142,101,134,146,129,97,125,116,135,96,122
2013-10-28,181,173,157,175,203,181,153,187,161,181,151,158
2013-10-29,60,37,38,25,39,29,16,40,29,29,14,46
2013-10-30,66,79,40,60,76,66,48,72,67,66,47,61
2013-10-31,99,107,77,93,110,93,70,111,100,102,87,88
2013-11-01,113,136,102,117,140,120,102,115,112,120,99,113
2013-11-02,147,155,151,159,165,146,127,155,152,139,135,140
2013-11-03,41,39,65,33,30,40,20,40,20,32,24,39
2013-11-04,40,35,29,28,43,36,23,56,57,36,37,30
2013-11-05,133,150,74,125,147,121,74,123,101,132,78,99
2013-11-06,95,101,55,80,84,88,41,99,69,86,67,71
2013-11-07,32,29,25,27,37,31,27,46,34,39,27,32
2013-11-08,94,113,69,100,111,93,76,98,82,103,78,88
2013-11-09,76,73,61,62,69,72,52,85,55,75,53,68
2013-11-10,31,23,22,18,25,30,22,28,25,25,23,22
2013-11-11,32,33,30,26,42,34,26,39,34,33,30,39
2013-11-12,48,46,38,39,58,47,23,60,62,50,46,40
2013-11-13,111,121,81,107,132,115,67,112,96,114,78,104
2013-11-14,61,65,46,57,65,60,39,72,64,61,53,77
2013-11-15,109,103,85,120,122,98,83,122,81,100,88,98
2013-11-16,61,61,45,64,53,60,41,61,47,54,42,54
2013-11-17,17,12,21,15,13,14,17,20,17,15,15,13
2013-11-18,14,14,22,16,9,14,18,18,14,11,18,18
2013-11-19,25,20,13,27,32,24,19,28,32,30,21,19
2013-11-20,49,41,23,44,55,44,68,64,54,59,47,25
2013-11-21,69,72,27,69,80,67,41,79,60,76,53,41
2013-11-22,90,92,43,96,104,93,64,108,79,94,87,59
2013-11-23,128,137,68,137,146,136,46,141,138,130,59,84
2013-11-24,81,90,64,92,84,89,80,80,50,101,76,65
2013-11-25,15,13,14,17,15,19,16,29,19,15,22,18
2013-11-26,43,35,25,31,24,39,19,32,25,29,26,28
2013-11-27,32,28,29,23,17,21,21,28,28,23,22,21
2013-11-28,22,24,18,20,22,22,20,27,19,23,23,15
2013-11-29,55,41,32,42,64,56,18,66,66,55,25,38
2013-11-30,38,31,30,30,29,30,24,34,25,34,23,32
2013-12-01,66,55,34,54,75,62,23,53,68,57,34,40
2013-12-02,79,93,38,72,80,75,71,94,84,80,96,43
2013-12-03,68,65,57,54,57,60,38,67,61,61,31,31
2013-12-04,75,71,41,61,89,81,41,90,79,64,37,36
2013-12-05,41,38,20,31,39,35,17,42,40,34,21,21
2013-12-06,82,104,45,84,126,96,61,96,76,92,60,88
2013-12-07,171,210,100,183,211,181,117,177,138,165,116,127
2013-12-08,125,140,120,136,134,128,68,124,119,119,83,122
2013-12-09,12,16,13,15,10,13,21,18,19,12,14,15
2013-12-10,39,34,18,23,36,30,21,37,35,23,35,20
2013-12-11,20,23,19,15,25,20,21,24,28,20,16,11
2013-12-12,30,21,21,16,26,21,18,21,23,17,14,12
2013-12-13,45,47,28,40,59,45,26,52,53,38,29,23
2013-12-14,46,41,22,33,50,38,21,60,53,43,27,13
2013-12-15,32,35,22,24,33,28,38,52,50,35,45,30
2013-12-16,81,110,84,87,93,83,61,95,66,86,63,60
2013-12-17,52,55,37,48,59,52,28,52,38,43,34,33
2013-12-18,30,33,22,26,35,27,17,42,32,33,19,14
2013-12-19,39,34,19,28,41,32,19,42,38,36,36,18
2013-12-20,38,33,23,24,34,28,20,47,42,36,26,18
2013-12-21,47,49,19,43,60,44,28,64,64,47,52,28
2013-12-22,98,116,36,95,142,101,57,112,89,96,71,94
2013-12-23,95,119,57,86,123,90,53,113,81,109,88,58
2013-12-24,173,202,107,186,215,190,88,161,121,161,97,110
2013-12-25,149,144,109,127,144,137,92,164,132,152,110,114
2013-12-26,16,16,23,20,16,20,24,16,25,17,17,21
2013-12-27,16,19,24,12,18,13,17,22,19,21,17,18
2013-12-28,15,13,26,14,19,14,20,20,20,13,17,21
2013-12-29,53,57,54,52,72,55,29,66,56,66,40,53
2013-12-30,61,52,46,42,45,46,38,58,56,58,58,65
2013-12-31,87,92,73,77,90,74,85,103,76,140,117,96
2014-01-01,72,75,59,59,97,63,49,92,65,101,57,63
2014-01-02,110,136,83,101,129,97,62,123,91,115,93,98
2014-01-03,64,69,50,55,66,60,39,71,62,68,51,53
2014-01-04,99,104,80,82,113,92,61,104,94,94,77,86
2014-01-05,61,66,68,54,60,54,37,81,64,70,50,68
2014-01-06,78,82,111,80,94,80,106,82,86,79,100,94
2014-01-07,69,65,66,61,82,54,50,72,56,63,53,58
2014-01-08,16,15,17,17,23,17,21,11,19,12,16,16
2014-01-09,83,29,23,19,37,24,23,28,30,25,26,27
2014-01-10,85,65,43,40,80,54,44,70,67,53,57,47
2014-01-11,97,116,58,80,133,100,55,110,83,92,65,71
2014-01-12,24,25,24,15,33,22,21,27,27,24,19,18
2014-01-13,69,84,38,62,106,80,56,80,68,65,46,54
2014-01-14,61,85,30,70,79,77,40,81,67,62,71,53
2014-01-15,122,128,44,119,148,125,76,131,112,110,100,88
2014-01-16,238,270,161,247,296,255,122,232,242,238,160,216
2014-01-17,119,91,103,103,114,96,82,127,125,80,76,70
2014-01-18,57,46,51,50,75,64,39,76,68,50,41,41
2014-01-19,120,117,97,119,118,111,113,136,105,123,109,86
2014-01-20,19,22,28,22,16,22,26,20,26,23,22,28
2014-01-21,30,27,28,28,34,25,27,35,31,36,24,24
2014-01-22,87,95,58,84,106,84,71,93,70,86,67,78
2014-01-23,158,185,121,163,190,155,168,155,127,152,145,148
2014-01-24,99,96,88,89,94,85,89,124,99,101,115,86
2014-01-25,26,20,29,18,30,21,26,28,27,24,20,21
2014-01-26,47,45,51,41,60,46,51,51,52,43,49,54
2014-01-27,68,73,51,70,76,69,70,69,66,69,70,70
2014-01-28,46,45,47,43,57,49,45,47,44,42,41,42
2014-01-29,83,90,78,82,97,82,87,90,73,82,80,91
2014-01-30,52,55,64,52,64,52,42,60,50,46,55,47
2014-01-31,101,118,95,106,141,103,103,110,119,97,99,111
2014-02-01,81,87,88,82,90,79,92,87,79,77,87,91
2014-02-02,65,63,42,59,54,63,56,59,50,53,55,47
2014-02-03,25,24,32,25,21,26,26,20,31,25,27,26
2014-02-04,25,22,26,26,39,26,23,26,34,21,24,23
2014-02-05,60,61,54,58,77,58,55,68,62,60,55,60
2014-02-06,71,79,74,72,82,70,79,78,69,71,70,76
2014-02-07,53,52,68,52,53,51,73,59,56,50,63,61
2014-02-08,32,28,52,31,30,28,39,39,33,31,37,52
2014-02-09,11,20,29,21,21,21,24,16,24,20,20,21
2014-02-10,15,17,21,18,18,20,19,20,19,16,16,18
2014-02-11,66,67,48,71,80,67,50,68,61,60,46,68
2014-02-12,71,75,48,76,79,75,55,73,66,71,63,67
2014-02-13,114,112,115,114,116,113,117,126,115,110,110,108
2014-02-14,162,171,144,174,191,152,153,172,177,153,140,162
2014-02-15,237,271,206,255,288,244,223,250,228,241,201,235
2014-02-16,188,179,168,185,211,194,144,193,190,192,159,166
2014-02-17,45,48,101,46,45,43,89,47,63,48,78,74
2014-02-18,39,42,50,39,42,40,58,40,44,45,56,47
2014-02-19,35,49,53,39,37,33,23,41,40,43,26,47
2014-02-20,142,140,111,131,161,128,100,136,141,135,110,116
2014-02-21,156,168,165,158,161,143,193,194,177,162,175,173
2014-02-22,174,173,154,162,192,159,195,195,170,182,180,162
2014-02-23,132,150,158,136,144,123,176,141,135,138,142,157
2014-02-24,211,211,188,195,216,190,178,201,181,185,168,192
2014-02-25,239,255,205,228,260,204,225,246,227,236,204,228
2014-02-26,205,216,259,217,218,198,113,194,201,210,172,275
2014-02-27,19,22,27,22,23,19,28,18,29,21,16,24
2014-02-28,52,54,43,47,58,40,49,85,66,60,64,44
2014-03-01,47,53,57,42,51,42,29,56,61,57,41,53
2014-03-02,97,106,95,90,120,94,65,107,117,99,90,98
2014-03-03,148,159,117,137,170,141,144,163,158,152,151,129
2014-03-04,38,40,37,32,40,37,23,48,36,42,33,41
2014-03-05,18,19,23,19,23,18,26,28,26,21,19,21
2014-03-06,19,20,23,21,21,19,25,20,22,19,19,21
2014-03-07,43,44,31,39,52,39,25,51,51,46,31,41
2014-03-08,97,114,79,97,119,96,64,111,99,104,77,101
2014-03-09,66,80,56,61,80,61,60,76,79,70,74,70
2014-03-10,58,70,48,54,71,55,60,68,47,61,57,57
2014-03-11,151,121,84,111,125,107,89,120,99,117,97,106
2014-03-12,27,28,30,26,28,24,31,23,28,23,13,28
2014-03-13,46,38,34,37,55,39,40,57,58,51,48,29
2014-03-14,45,45,42,41,59,45,42,52,56,52,52,36
2014-03-15,101,104,74,104,140,97,79,115,118,120,96,95
2014-03-16,107,109,127,105,140,105,111,115,117,127,128,132
2014-03-17,146,131,111,121,150,130,171,153,154,153,142,130
2014-03-18,68,69,75,52,79,66,66,72,77,81,70,76
2014-03-19,56,54,48,43,59,52,36,59,60,67,55,58
2014-03-20,22,25,31,25,26,22,31,20,29,22,25,22
2014-03-21,34,33,33,25,53,41,25,41,74,48,31,52
2014-03-22,68,77,50,81,91,71,29,84,112,90,49,68
2014-03-23,96,106,109,106,129,96,96,112,131,111,120,115
2014-03-24,142,142,134,156,184,134,135,162,169,161,144,142
2014-03-25,131,135,140,144,168,120,132,156,159,153,147,134
2014-03-26,181,189,168,201,229,173,147,210,197,207,169,182
2014-03-27,161,179,149,187,174,135,171,197,185,175,163,151
2014-03-28,85,102,93,96,111,100,80,96,100,95,85,99
2014-03-29,37,54,41,49,42,59,34,45,62,40,30,47
2014-03-30,40,50,33,46,47,48,28,58,65,55,31,34
2014-03-31,98,114,89,117,103,103,63,125,130,116,87,111
2014-04-01,73,75,65,73,80,74,56,79,76,71,56,71
2014-04-02,84,98,76,105,74,91,85,110,121,99,81,95
2014-04-03,38,48,31,47,32,47,30,40,63,59,40,41
2014-04-04,67,81,80,81,79,72,64,87,103,86,71,79
2014-04-05,52,55,34,53,56,49,35,56,62,61,34,42
2014-04-06,79,87,55,86,87,73,48,93,125,108,69,79
2014-04-07,103,103,97,105,108,88,90,117,139,123,99,114
2014-04-08,148,139,126,147,141,116,127,165,174,155,140,131
2014-04-09,130,143,138,134,121,118,132,143,145,151,143,146
2014-04-10,221,228,217,239,226,210,216,253,267,234,225,230
2014-04-11,65,62,68,60,63,55,64,75,97,69,69,69
2014-04-12,79,92,67,85,84,72,60,92,98,92,73,85
2014-04-13,111,113,112,116,118,99,95,126,150,129,111,126
2014-04-14,143,146,150,154,149,136,156,181,153,160,152,159
2014-04-15,83,63,94,82,66,52,96,107,104,96,109,81
2014-04-16,59,70,57,68,70,55,53,73,97,75,72,75
2014-04-17,73,73,59,73,72,67,51,80,91,95,60,73
2014-04-18,80,78,77,85,85,83,83,96,96,93,98,78
2014-04-19,41,41,42,52,50,40,43,43,62,67,54,43
2014-04-20,43,43,38,49,46,41,27,47,55,61,38,37
2014-04-21,44,45,26,52,46,41,33,54,71,71,36,22
2014-04-22,59,61,46,63,64,53,40,62,80,86,45,49
2014-04-23,88,87,88,90,91,82,70,92,117,115,78,95
2014-04-24,72,65,81,76,81,70,73,79,97,87,80,81
2014-04-25,106,105,105,125,108,103,109,117,124,129,122,110
2014-04-26,47,51,50,53,53,50,33,50,80,57,70,53
2014-04-27,50,48,44,61,52,45,35,66,69,68,77,47
2014-04-28,50,66,56,58,58,49,54,60,75,78,84,59
2014-04-29,87,93,68,91,84,73,50,95,111,89,91,82
2014-04-30,91,93,87,77,90,77,74,102,119,106,96,93
2014-05-01,101,115,95,114,101,97,73,106,126,119,120,110
2014-05-02,27,31,32,28,30,28,34,27,36,35,30,29
2014-05-03,76,94,59,98,77,74,29,81,126,112,65,66
2014-05-04,31,32,37,39,31,42,30,39,41,35,37,35
2014-05-05,33,82,26,34,35,26,31,35,49,36,26,26
2014-05-06,81,102,63,87,68,79,46,80,82,82,60,80
2014-05-07,65,65,43,75,31,62,32,72,70,77,41,60
2014-05-08,66,68,52,69,64,63,43,65,76,85,48,67
2014-05-09,68,66,63,69,65,61,44,64,68,71,54,64
2014-05-10,56,54,46,57,52,49,45,57,58,58,44,47
2014-05-11,24,29,29,26,28,25,30,19,25,23,21,27
2014-05-12,39,40,18,41,38,28,27,43,61,48,35,39
2014-05-13,75,75,49,83,71,58,43,84,80,77,69,65
2014-05-14,42,39,31,41,39,45,28,44,53,49,32,29
2014-05-15,118,120,95,119,107,70,81,128,150,135,97,88
2014-05-16,79,76,64,81,73,82,47,92,96,90,62,62
2014-05-17,70,70,64,72,65,64,49,83,108,90,63,60
2014-05-18,94,99,72,98,87,96,56,99,97,135,64,83
2014-05-19,98,96,73,104,96,97,61,101,109,109,76,80
2014-05-20,83,77,50,86,74,73,45,85,98,101,52,55
2014-05-21,106,100,92,112,100,99,75,112,122,115,94,90
2014-05-22,130,125,108,130,118,114,73,137,147,148,111,125
2014-05-23,91,92,87,87,89,81,55,95,127,101,79,92
2014-05-24,68,60,45,70,64,65,32,66,76,72,49,49
2014-05-25,74,85,61,82,64,67,55,71,79,83,58,80
2014-05-26,44,49,33,45,51,43,33,48,75,52,32,42
2014-05-27,86,85,51,98,81,78,48,99,111,70,77,73
2014-05-28,62,61,47,63,63,53,46,65,80,31,42,46
2014-05-29,77,81,40,71,72,69,43,88,103,35,39,62
2014-05-30,115,123,29,55,114,114,77,128,128,88,84,81
2014-05-31,124,135,37,64,124,122,76,139,142,148,101,133
2014-06-01,44,55,44,41,49,47,56,38,49,46,47,54
2014-06-02,40,43,52,35,41,37,40,34,43,35,37,43
2014-06-03,42,44,59,40,42,39,50,35,46,35,48,45
2014-06-04,52,61,57,65,58,52,52,54,81,35,46,60
2014-06-05,56,63,57,70,75,55,58,81,71,42,54,59
2014-06-06,55,59,39,59,55,51,30,65,66,34,38,51
2014-06-07,22,24,26,25,27,23,30,33,24,21,29,28
2014-06-08,33,50,24,45,38,37,27,53,36,18,25,24
2014-06-09,30,36,29,37,34,34,37,34,33,24,26,32
2014-06-10,47,55,32,53,49,50,30,47,55,46,40,48
2014-06-11,32,32,29,30,33,29,27,35,41,27,32,29
2014-06-12,34,42,35,36,35,34,40,36,41,29,41,35
2014-06-13,53,65,39,60,54,52,47,52,54,35,46,43
2014-06-14,53,50,43,45,50,49,48,42,48,43,41,47
2014-06-15,84,112,64,96,88,94,59,95,92,68,58,86
2014-06-16,85,96,97,89,82,83,57,87,89,81,61,100
2014-06-17,59,55,49,56,54,58,45,54,59,50,48,49
2014-06-18,47,44,43,46,48,53,35,46,51,37,36,41
2014-06-19,83,85,56,82,78,87,48,82,80,80,65,76
2014-06-20,34,37,44,32,36,36,38,30,37,30,29,37
2014-06-21,42,39,49,39,36,41,42,42,43,41,46,47
2014-06-22,31,34,36,30,32,31,35,26,35,28,35,35
2014-06-23,36,37,34,34,36,34,34,47,34,32,34,38
2014-06-24,49,62,59,51,52,52,56,58,62,39,56,53
2014-06-25,76,73,74,63,68,76,63,79,80,61,69,78
2014-06-26,81,79,75,85,81,89,50,84,92,74,64,75
2014-06-27,26,30,31,30,31,30,30,32,37,26,32,27
2014-06-28,27,31,31,29,34,33,33,40,43,23,33,27
2014-06-29,53,56,47,42,65,65,51,63,75,39,51,52
2014-06-30,66,71,73,51,77,75,68,81,93,50,64,72
2014-07-01,82,82,81,74,85,94,79,99,107,65,81,105
2014-07-02,35,37,40,38,39,42,38,38,40,37,41,38
2014-07-03,107,122,126,129,110,123,95,108,106,124,110,137
2014-07-04,117,108,98,136,113,124,91,121,102,118,103,117
2014-07-05,70,71,130,79,67,72,83,71,76,73,87,113
2014-07-06,111,115,133,133,114,126,111,121,130,125,134,124
2014-07-07,99,104,101,108,102,107,98,110,119,98,97,89
2014-07-08,65,65,97,64,71,81,47,71,82,58,55,47
2014-07-09,33,36,40,19,36,33,24,46,59,17,25,21
2014-07-10,42,51,36,31,51,48,40,58,80,31,39,35
2014-07-11,45,46,30,30,47,46,31,46,64,26,30,29
2014-07-12,31,33,32,29,32,32,38,26,37,26,40,33
2014-07-13,33,37,27,25,32,41,30,37,35,20,29,27
2014-07-14,36,45,47,36,41,36,45,46,49,36,44,45
2014-07-15,73,75,65,47,68,78,61,83,95,47,59,66
2014-07-16,69,73,66,77,64,76,57,69,67,67,57,71
2014-07-17,79,79,71,96,82,91,67,81,90,80,70,78
2014-07-18,77,80,102,85,74,81,91,93,105,78,94,96
2014-07-19,51,48,73,42,51,53,64,65,119,40,71,70
2014-07-20,46,47,64,40,46,47,55,49,66,38,49,54
2014-07-21,24,27,26,24,28,27,32,26,42,24,26,28
2014-07-22,20,18,21,13,22,23,24,29,29,10,16,18
2014-07-23,52,40,38,15,54,45,31,57,79,17,23,40
2014-07-24,69,79,40,42,73,65,54,79,85,42,48,55
2014-07-25,50,55,43,48,51,50,76,53,58,44,48,47
2014-07-26,81,81,78,66,83,78,98,90,98,61,70,84
2014-07-27,88,86,97,66,90,84,86,98,118,65,89,94
2014-07-28,83,80,91,72,84,76,87,96,115,74,93,85
2014-07-29,80,83,112,75,79,81,80,90,100,71,77,102
2014-07-30,72,73,78,83,67,75,58,78,76,78,64,79
2014-07-31,112,108,117,127,109,115,113,120,117,126,123,114
2014-08-01,85,77,90,96,83,89,95,102,104,96,104,85
2014-08-02,76,67,76,72,70,70,87,101,107,72,87,69
2014-08-03,75,77,59,78,75,87,66,92,72,71,70,68
2014-08-04,28,25,20,25,25,15,19,31,26,23,21,20
2014-08-05,29,25,27,22,24,22,29,33,38,19,29,29
2014-08-06,43,36,28,22,42,30,31,45,54,22,30,38
2014-08-07,65,56,50,44,56,58,53,68,69,46,53,49
2014-08-08,58,54,65,40,58,52,53,64,73,40,56,63
2014-08-09,70,66,68,51,78,61,59,85,85,51,68,80
2014-08-10,41,43,49,38,40,41,41,34,46,37,40,41
2014-08-11,35,31,30,28,32,33,34,34,36,26,35,29
2014-08-12,35,38,34,39,37,34,41,43,45,32,40,36
2014-08-13,23,22,24,23,23,19,22,25,25,18,21,23
2014-08-14,26,29,34,28,27,28,29,27,34,25,28,32
2014-08-15,36,46,38,32,42,35,37,50,57,28,36,50
2014-08-16,56,68,50,47,57,60,54,65,69,39,53,53
2014-08-17,49,54,54,50,49,52,58,53,62,48,59,50
2014-08-18,46,52,53,41,46,45,57,57,68,55,56,46
2014-08-19,68,66,74,61,65,60,59,85,83,78,65,70
2014-08-20,82,77,82,81,76,72,83,101,116,90,87,81
2014-08-21,95,101,86,104,100,95,86,113,117,103,88,98
2014-08-22,48,51,35,55,54,46,28,56,58,50,34,45
2014-08-23,82,92,60,97,96,80,45,88,93,90,47,78
2014-08-24,25,30,31,26,27,26,28,30,32,25,26,31
2014-08-25,25,26,22,24,26,23,28,31,40,24,28,24
2014-08-26,34,38,29,44,45,30,31,51,58,49,31,31
2014-08-27,63,68,49,78,84,56,51,79,82,76,52,50
2014-08-28,67,70,64,76,77,66,55,78,68,82,50,78
2014-08-29,45,49,60,54,54,48,46,48,49,54,47,54
2014-08-30,91,87,62,99,98,86,73,97,94,94,72,62
2014-08-31,45,44,37,51,50,49,38,43,41,43,38,41
2014-09-01,68,57,44,72,63,61,44,60,72,64,46,52
2014-09-02,21,25,25,23,26,20,20,13,27,19,15,43
2014-09-03,20,21,26,22,21,21,24,23,36,21,26,33
2014-09-04,50,48,41,58,76,44,33,60,88,61,53,46
2014-09-05,80,84,65,93,82,77,76,88,92,96,74,85
2014-09-06,89,85,91,90,91,88,102,94,109,94,91,85
2014-09-07,98,99,102,109,108,95,91,107,121,116,94,107
2014-09-08,27,31,28,28,27,28,28,23,30,24,29,26
2014-09-09,43,53,44,56,60,48,41,48,64,56,41,51
2014-09-10,62,66,56,65,64,55,60,72,93,85,60,65
2014-09-11,78,84,52,84,87,77,60,88,86,90,61,55
2014-09-12,45,46,51,48,49,44,43,46,49,51,54,58
2014-09-13,48,56,51,53,55,46,50,62,68,70,53,55
2014-09-14,44,44,35,50,50,43,24,50,57,53,25,36
2014-09-15,24,40,16,30,34,25,18,35,45,32,16,21
2014-09-16,48,60,38,60,68,54,21,62,67,65,36,60
2014-09-17,42,37,58,42,50,36,68,60,77,58,70,48
2014-09-18,56,58,41,54,57,40,36,58,71,60,49,43
2014-09-19,64,83,59,72,72,55,49,72,92,86,59,69
2014-09-20,81,88,60,87,88,81,54,82,92,87,59,71
2014-09-21,70,75,66,69,73,62,64,77,91,74,71,64
2014-09-22,68,77,57,70,70,69,54,69,79,73,58,57
2014-09-23,31,32,24,32,34,36,16,25,30,29,21,28
2014-09-24,23,26,18,26,30,23,16,23,31,23,18,16
2014-09-25,75,76,55,73,77,72,52,79,91,76,55,62
2014-09-26,80,82,70,80,82,83,61,78,85,79,68,78
2014-09-27,23,32,25,28,25,26,27,30,42,39,24,30
2014-09-28,59,80,48,65,65,58,45,65,87,68,56,48
2014-09-29,46,50,28,52,48,46,26,49,53,52,34,35
2014-09-30,28,33,31,28,27,25,25,32,44,37,30,28
2014-10-01,58,73,37,65,62,64,34,57,57,62,42,48
2014-10-02,44,33,21,38,42,38,18,33,34,36,25,29
2014-10-03,71,80,28,79,76,67,47,62,63,66,46,44
2014-10-04,51,44,35,41,44,49,48,48,48,49,48,35
2014-10-05,24,18,17,19,19,17,19,20,20,19,17,15
2014-10-06,21,27,15,27,18,17,20,29,36,33,21,12
2014-10-07,93,113,64,111,97,89,59,106,123,112,67,76
2014-10-08,175,191,124,189,162,154,143,166,168,172,147,143
2014-10-09,227,209,162,215,185,176,209,212,201,206,216,172
2014-10-10,191,191,155,165,161,156,201,208,197,189,206,152
2014-10-11,123,120,112,94,92,98,115,143,141,135,131,100
2014-10-12,12,15,22,15,16,14,22,9,21,30,17,20
2014-10-13,10,16,19,23,22,11,17,10,15,10,15,12
2014-10-14,43,60,29,54,62,48,35,50,51,55,36,38
2014-10-15,52,73,29,72,68,65,21,65,72,64,48,48
2014-10-16,51,62,39,55,65,50,28,67,89,72,44,45
2014-10-17,109,118,78,119,109,94,74,119,129,125,90,96
2014-10-18,138,176,88,163,150,137,76,152,163,170,100,127
2014-10-19,177,195,172,197,179,161,182,224,192,213,192,160
2014-10-20,122,129,120,123,123,108,157,153,151,127,166,116
2014-10-21,29,30,44,29,36,27,32,26,34,30,27,29
2014-10-22,80,97,63,85,83,79,68,95,94,107,75,83
2014-10-23,100,119,93,112,105,106,95,112,120,123,101,98
2014-10-24,155,174,126,175,107,151,134,171,176,173,127,142
2014-10-25,196,217,157,214,156,171,182,208,194,202,167,171
2014-10-26,46,49,33,56,30,46,24,41,45,49,29,40
2014-10-27,18,33,16,32,14,14,27,26,16,30,38,17
2014-10-28,52,71,55,54,56,51,57,70,73,76,70,57
2014-10-29,89,120,67,102,101,85,61,115,110,108,78,79
2014-10-30,108,157,87,122,122,112,98,93,117,118,101,101
2014-10-31,87,114,81,102,107,93,80,105,99,98,91,95
2014-11-01,40,40,36,47,50,49,15,49,43,39,27,49
2014-11-02,15,17,24,17,19,17,23,19,20,14,22,17
2014-11-03,28,30,19,35,36,30,18,37,44,27,27,30
2014-11-04,86,102,69,99,118,80,56,107,79,93,76,93
2014-11-05,41,60,51,53,52,48,35,49,41,46,47,60
2014-11-06,16,21,21,16,18,16,23,15,18,16,21,17
2014-11-07,34,47,26,42,44,37,35,44,43,40,39,42
2014-11-08,46,50,37,53,54,45,46,58,46,49,54,54
2014-11-09,41,45,27,41,44,38,25,52,43,39,49,39
2014-11-10,49,53,29,53,60,49,36,62,54,48,57,37
2014-11-11,34,50,27,46,46,51,28,44,34,42,48,40
2014-11-12,22,25,28,33,25,26,26,26,33,22,24,30
2014-11-13,21,26,24,29,34,29,20,27,29,25,23,28
2014-11-14,27,39,25,36,37,33,21,47,49,38,30,37
2014-11-15,87,140,65,116,110,101,59,104,88,105,83,96
2014-11-16,66,85,57,71,87,60,25,54,46,60,40,75
2014-11-17,19,21,17,23,25,25,19,31,37,20,23,20
2014-11-18,54,71,32,63,80,77,50,92,84,60,87,51
2014-11-19,168,232,113,206,194,181,123,190,166,190,145,149
2014-11-20,192,268,179,224,230,209,181,236,223,238,200,201
2014-11-21,156,118,77,145,200,162,59,169,167,145,109,101
2014-11-22,36,33,25,28,29,23,20,34,53,38,40,35
2014-11-23,96,94,74,88,92,82,87,111,131,108,107,96
2014-11-24,54,68,43,53,58,53,21,72,83,66,46,50
2014-11-25,108,125,77,115,120,104,78,127,140,119,95,93
2014-11-26,163,210,135,186,198,169,147,194,189,186,165,164
2014-11-27,58,74,39,58,65,56,41,92,75,67,57,40
2014-11-28,78,94,69,85,96,76,79,105,109,92,87,77
2014-11-29,174,229,146,207,217,193,137,194,170,199,148,184
2014-11-30,121,135,140,140,131,142,125,163,152,143,166,148
2014-12-01,34,51,46,48,38,47,39,44,38,46,45,62
2014-12-02,34,38,17,38,44,34,21,45,51,31,30,22
2014-12-03,26,38,23,40,41,38,22,34,32,38,27,27
2014-12-04,18,24,27,22,23,18,24,17,24,18,21,22
2014-12-05,27,34,19,31,38,31,19,36,42,28,23,21
2014-12-06,43,59,40,47,54,45,32,57,54,54,72,43
2014-12-07,34,45,48,41,41,35,37,62,49,43,49,51
2014-12-08,41,47,26,45,54,41,48,63,65,53,43,45
2014-12-09,171,230,90,208,207,186,114,175,136,194,123,131
2014-12-10,113,153,105,142,141,134,97,138,126,138,123,135
2014-12-11,20,24,19,23,24,19,22,24,22,23,21,18
2014-12-12,17,28,19,24,24,29,26,20,28,25,32,22
2014-12-13,38,45,45,46,51,45,31,51,58,71,40,47
2014-12-14,61,81,53,71,76,72,48,98,89,82,64,75
2014-12-15,51,85,43,74,70,79,50,66,77,85,64,85
2014-12-16,19,20,25,24,22,25,20,19,23,18,20,14
2014-12-17,60,81,47,71,77,72,45,72,81,41,67,67
2014-12-18,94,118,84,112,118,111,86,129,110,40,103,89
2014-12-19,22,40,36,36,30,44,22,23,22,39,29,32
2014-12-20,13,13,18,12,15,18,16,7,16,38,13,10
2014-12-21,14,21,17,23,21,22,22,18,21,37,32,21
2014-12-22,69,83,45,79,99,84,19,85,81,37,39,56
2014-12-23,58,81,41,72,79,80,39,82,68,36,72,46
2014-12-24,12,21,20,17,17,22,19,16,15,35,25,15
2014-12-25,21,22,31,20,28,24,20,30,39,34,19,22
2014-12-26,83,112,59,110,114,107,58,106,82,33,70,78
2014-12-27,126,164,107,112,159,139,101,165,145,32,130,133
2014-12-28,109,146,77,94,140,137,57,129,123,31,82,74
2014-12-29,97,133,58,120,151,132,43,123,78,30,82,66
2014-12-30,27,49,17,42,45,56,23,40,29,29,31,24
2014-12-31,19,36,22,30,28,39,25,29,21,29,35,30
2015-01-01,28,39,25,35,42,33,36,40,34,36,30,28
2015-01-02,42,48,35,47,58,48,42,60,49,50,52,33
2015-01-03,105,140,88,130,146,126,96,116,104,117,97,101
2015-01-04,117,146,93,123,137,126,96,135,116,132,140,104
2015-01-05,71,101,85,91,91,82,82,119,95,97,103,86
2015-01-06,24,33,19,29,32,24,18,28,38,33,23,41
2015-01-07,41,61,30,51,53,54,32,57,57,45,57,38
2015-01-08,92,124,71,102,111,97,78,104,96,102,99,85
2015-01-09,55,77,39,61,61,61,21,62,51,58,33,50
2015-01-10,114,136,50,129,166,149,29,112,90,99,65,55
2015-01-11,25,29,26,27,32,28,29,34,48,27,31,29
2015-01-12,75,67,75,62,77,60,92,112,103,83,103,76
2015-01-13,98,129,80,101,107,97,78,112,92,119,92,99
2015-01-14,126,157,101,139,145,137,133,132,126,136,154,100
2015-01-15,192,208,173,196,221,203,197,219,188,196,210,208
2015-01-16,51,84,67,65,69,74,46,65,58,68,43,118
2015-01-17,42,42,24,41,46,40,28,48,53,41,35,29
2015-01-18,58,91,52,70,73,70,53,71,70,62,68,57
2015-01-19,38,50,44,42,51,41,36,46,54,40,46,30
2015-01-20,57,69,63,63,65,56,55,81,67,65,64,63
2015-01-21,12,17,23,16,16,14,23,15,19,14,16,27
2015-01-22,64,84,52,72,79,75,40,78,65,77,52,84
2015-01-23,123,154,104,139,141,137,126,147,118,130,142,122
2015-01-24,52,61,52,56,53,53,65,72,60,58,117,70
2015-01-25,75,73,104,81,82,74,87,77,79,66,82,93
2015-01-26,60,73,58,67,82,61,43,64,58,52,47,68
2015-01-27,13,19,17,16,20,16,20,14,17,14,13,15
2015-01-28,20,35,25,23,30,22,22,25,34,19,31,26
2015-01-29,41,47,54,45,48,44,30,46,51,39,43,53
2015-01-30,13,23,18,17,18,21,25,11,16,20,19,19
2015-01-31,23,26,19,23,27,22,20,28,34,27,16,17
2015-02-01,50,61,27,57,64,53,32,66,61,54,46,44
2015-02-02,81,101,62,102,95,93,83,88,87,89,83,88
2015-02-03,63,69,73,74,71,61,62,69,69,68,87,77
2015-02-04,18,26,20,22,23,25,27,18,25,29,24,20
2015-02-05,20,23,26,19,26,21,27,22,28,21,20,17
2015-02-06,49,54,36,53,64,53,23,54,56,51,31,39
2015-02-07,19,29,26,20,23,25,33,15,24,31,26,21
2015-02-08,19,21,21,19,21,21,24,21,25,27,18,16
2015-02-09,72,83,46,82,84,90,50,79,68,73,57,67
2015-02-10,79,95,51,93,95,96,40,88,81,94,87,57
2015-02-11,29,44,25,38,39,36,30,28,30,43,24,25
2015-02-12,19,27,25,21,25,23,24,22,28,27,25,21
2015-02-13,78,86,63,91,92,78,65,84,87,83,70,76
2015-02-14,142,170,117,179,159,155,127,136,133,147,126,145
2015-02-15,180,189,146,208,201,181,186,188,167,176,162,163
2015-02-16,84,87,89,91,98,81,81,105,104,87,84,84
2015-02-17,21,21,25,22,27,22,28,31,34,22,25,27
2015-02-18,36,32,33,38,45,35,30,39,40,32,27,29
2015-02-19,123,122,170,132,164,132,136,168,182,129,165,162
2015-02-20,80,80,72,93,82,80,94,83,95,70,83,79
2015-02-21,148,159,130,173,166,161,165,160,142,152,151,172
2015-02-22,138,158,154,158,160,157,170,161,145,190,218,202
2015-02-23,70,59,62,65,87,66,50,80,79,74,61,51
2015-02-24,129,127,110,128,150,126,107,147,132,141,114,116
2015-02-25,52,53,63,51,56,53,41,65,59,58,50,66
2015-02-26,19,22,24,19,24,26,30,15,28,23,23,20
2015-02-27,20,20,25,19,26,21,18,22,20,23,24,22
2015-02-28,87,84,73,101,91,86,79,82,79,73,71,67
2015-03-01,44,48,97,60,54,46,36,47,48,49,41,78
2015-03-02,47,54,32,65,53,50,32,51,43,62,50,47
2015-03-03,27,26,29,35,28,29,32,29,26,41,29,28
2015-03-04,24,19,24,24,30,22,24,25,25,27,24,23
2015-03-05,79,73,78,86,96,81,57,82,85,89,72,81
2015-03-06,130,123,116,136,136,123,117,146,158,134,129,110
2015-03-07,137,149,143,161,152,141,135,148,142,152,147,141
2015-03-08,81,80,83,93,82,77,75,91,89,84,75,91
2015-03-09,22,24,30,25,30,30,31,20,25,29,26,27
2015-03-10,28,21,24,27,32,27,28,32,45,27,21,20
2015-03-11,31,35,25,37,35,39,26,43,31,40,23,34
2015-03-12,54,51,41,57,56,51,36,61,65,65,49,53
2015-03-13,47,46,44,45,46,41,25,58,74,49,48,40
2015-03-14,69,60,67,71,73,63,62,83,78,78,71,66
2015-03-15,114,111,105,123,125,110,103,131,134,124,111,110
2015-03-16,171,160,164,208,181,168,164,195,187,179,178,161
2015-03-17,125,141,109,185,144,142,92,139,127,145,103,121
2015-03-18,37,39,60,57,51,38,51,44,57,51,55,53
2015-03-19,116,118,105,171,139,112,104,135,132,128,117,114
2015-03-20,106,116,105,139,123,111,112,125,128,119,120,127
2015-03-21,53,64,46,64,61,59,67,61,71,61,68,65
2015-03-22,60,64,48,70,70,65,48,66,70,72,52,59
2015-03-23,50,49,56,53,59,42,26,58,59,60,36,55
2015-03-24,67,69,74,75,76,71,59,70,77,81,73,79
2015-03-25,92,86,90,94,101,85,84,99,106,104,95,91
2015-03-26,80,91,86,118,95,80,81,91,96,103,99,92
2015-03-27,75,88,88,110,90,75,82,86,95,94,100,83
2015-03-28,125,130,88,141,138,124,105,130,162,139,145,112
2015-03-29,161,168,137,247,194,169,160,158,151,183,165,154
2015-03-30,192,188,197,244,211,177,195,215,204,212,205,188
2015-03-31,98,95,105,100,103,87,131,105,106,101,123,98
2015-04-01,37,37,36,42,40,36,52,44,50,42,49,38
2015-04-02,25,24,24,26,28,26,32,19,28,27,21,24
2015-04-03,32,32,33,29,33,36,44,21,34,36,34,31
2015-04-04,40,41,40,55,45,40,34,41,50,45,37,43
2015-04-05,54,56,39,78,57,51,42,52,72,59,48,57
2015-04-06,20,28,32,27,31,33,31,21,28,30,29,14
2015-04-07,23,26,28,31,28,31,32,25,29,29,27,23
2015-04-08,70,68,65,92,74,65,52,77,77,82,60,71
2015-04-09,104,104,97,132,110,99,93,118,108,113,93,96
2015-04-10,97,104,90,123,103,98,65,122,94,106,72,95
2015-04-11,86,95,69,100,90,90,62,88,81,95,74,85
2015-04-12,29,27,31,25,29,32,32,20,30,28,27,26
2015-04-13,38,37,39,33,36,41,40,26,39,37,36,31
2015-04-14,50,46,42,64,57,47,34,58,59,59,48,43
2015-04-15,143,134,128,162,129,127,108,160,151,188,123,157
2015-04-16,77,79,73,77,114,79,73,81,79,92,81,93
2015-04-17,108,108,85,119,111,100,69,123,118,120,83,103
2015-04-18,150,158,107,163,161,154,104,162,159,177,125,139
2015-04-19,66,67,81,69,74,66,43,74,67,71,64,62
2015-04-20,58,68,62,66,70,66,38,77,80,87,47,63
2015-04-21,82,73,64,79,78,76,66,60,98,92,74,71
2015-04-22,66,65,48,37,61,53,48,81,64,80,52,58
2015-04-23,78,66,52,47,68,65,57,76,66,72,55,56
2015-04-24,111,102,70,75,101,99,63,101,108,129,56,103
2015-04-25,114,99,70,99,100,96,74,102,112,117,70,78
2015-04-26,127,106,92,111,113,104,100,114,125,126,81,101
2015-04-27,87,77,73,78,74,76,73,83,84,90,70,75
2015-04-28,43,38,34,40,47,39,36,43,47,43,38,36
2015-04-29,89,77,81,78,77,74,72,79,87,94,80,79
2015-04-30,86,80,98,80,76,75,86,82,96,95,88,95
2015-05-01,86,81,80,83,78,80,80,78,79,91,81,71
2015-05-02,39,35,45,37,35,34,49,43,37,46,48,40
2015-05-03,57,60,34,66,48,58,70,56,43,65,63,42
2015-05-04,38,36,41,38,39,40,33,37,46,52,32,37
2015-05-05,61,53,51,64,58,59,56,57,67,63,52,48
2015-05-06,45,42,44,45,41,41,39,36,46,47,32,36
2015-05-07,88,70,71,74,73,76,60,73,87,85,66,62
2015-05-08,68,59,42,59,63,65,36,53,57,63,40,40
2015-05-09,27,27,29,28,28,25,26,29,29,31,26,30
2015-05-10,28,26,26,25,26,26,18,25,27,30,19,25
2015-05-11,17,18,15,17,17,22,23,17,20,19,19,19
2015-05-12,25,31,28,26,26,28,32,26,32,47,30,28
2015-05-13,96,99,67,85,74,80,72,80,94,93,64,76
2015-05-14,49,45,41,43,41,52,39,38,40,48,37,35
2015-05-15,34,34,33,31,34,38,37,34,37,34,31,29
2015-05-16,67,64,40,61,58,53,39,59,61,64,43,45
2015-05-17,135,115,107,105,106,104,99,112,124,115,99,92
2015-05-18,51,60,37,63,49,66,37,49,56,60,54,57
2015-05-19,30,35,28,30,34,32,34,33,36,36,31,27
2015-05-20,33,35,27,31,37,34,35,37,36,35,28,26
2015-05-21,59,50,38,49,50,45,41,51,88,58,43,40
2015-05-22,65,54,54,49,51,46,49,50,77,63,52,52
2015-05-23,95,86,70,75,79,74,69,87,108,98,72,74
2015-05-24,114,98,81,85,93,86,86,101,124,111,88,84
2015-05-25,114,98,90,84,93,89,93,98,134,112,90,87
2015-05-26,101,85,82,74,85,80,88,84,120,100,85,70
2015-05-27,87,81,80,69,99,83,72,79,105,92,75,73
2015-05-28,93,87,86,74,86,83,93,81,108,87,93,74
2015-05-29,58,54,58,47,48,48,42,61,63,66,47,52
2015-05-30,59,53,47,47,49,47,40,54,67,64,39,43
2015-05-31,69,61,55,51,62,58,55,54,77,68,60,51
2015-06-01,113,112,81,91,99,100,85,92,108,114,88,89
2015-06-02,36,36,31,38,37,41,30,36,47,33,33,36
2015-06-03,69,50,51,50,60,56,48,62,79,66,47,44
2015-06-04,61,45,51,44,49,48,27,55,87,53,30,58
2015-06-05,44,44,40,38,37,38,30,46,48,44,41,45
2015-06-06,33,37,28,34,32,35,25,34,37,39,25,32
2015-06-07,19,20,19,21,18,19,20,22,25,24,22,19
2015-06-08,27,28,23,27,25,23,31,29,31,29,44,23
2015-06-09,64,61,32,48,58,64,51,52,66,57,44,44
2015-06-10,50,50,32,49,50,51,41,56,60,44,50,46
2015-06-11,22,23,19,24,24,22,30,24,28,25,22,18
2015-06-12,25,28,23,27,28,27,31,30,32,32,24,15
2015-06-13,31,34,24,34,34,36,37,35,35,33,29,27
2015-06-14,35,33,37,36,35,37,40,38,38,37,34,32
2015-06-15,72,78,66,72,71,69,60,70,93,79,58,76
2015-06-16,84,91,74,97,87,82,73,77,97,91,76,77
2015-06-17,40,48,23,43,38,37,52,44,50,45,44,41
2015-06-18,24,31,6,28,30,22,34,27,30,30,25,21
2015-06-19,21,23,25,21,22,20,23,21,24,25,18,19
2015-06-20,34,38,43,36,35,36,40,35,35,40,30,30
2015-06-21,46,53,62,51,47,49,54,47,63,51,48,46
2015-06-22,68,69,81,72,69,65,64,71,82,76,61,75
2015-06-23,119,124,102,127,118,118,106,120,112,129,108,130
2015-06-24,73,73,93,75,70,67,103,78,83,78,89,78
2015-06-25,75,82,80,84,70,70,85,83,79,83,90,77
2015-06-26,65,63,51,68,70,72,56,65,71,61,59,62
2015-06-27,56,57,49,58,54,57,47,54,57,55,52,53
2015-06-28,87,91,82,93,86,89,89,89,90,92,90,92
2015-06-29,75,70,55,76,74,74,69,74,83,72,71,57
2015-06-30,20,21,17,20,22,21,25,19,25,25,17,15
2015-07-01,22,23,17,23,25,23,23,25,28,26,17,18
2015-07-02,17,23,15,20,19,17,31,18,26,24,22,18
2015-07-03,38,40,27,38,35,37,40,37,44,43,33,26
2015-07-04,33,34,35,33,29,27,34,37,40,38,35,34
2015-07-05,46,44,41,46,43,42,53,47,45,51,44,38
2015-07-06,50,47,48,48,45,50,59,49,55,56,49,47
2015-07-07,50,51,50,50,48,52,62,52,55,54,50,51
2015-07-08,80,79,75,84,80,81,77,78,85,86,81,84
2015-07-09,52,51,49,53,54,50,63,58,66,54,53,49
2015-07-10,49,45,42,45,48,48,54,50,70,57,46,39
2015-07-11,76,73,69,78,74,72,66,74,73,80,63,75
2015-07-12,92,98,68,104,90,92,74,100,103,101,68,83
2015-07-13,57,61,56,57,53,57,54,56,59,71,54,48
2015-07-14,50,62,62,53,55,60,42,57,59,73,49,49
2015-07-15,41,36,43,40,39,39,32,43,47,41,31,38
2015-07-16,30,36,34,30,32,30,29,33,39,44,24,31
2015-07-17,34,22,22,29,26,28,21,27,31,30,24,22
2015-07-18,34,33,35,34,31,31,31,42,41,45,38,31
2015-07-19,48,40,35,51,47,49,34,43,44,47,37,31
2015-07-20,60,48,36,60,57,56,39,57,58,57,44,43
2015-07-21,85,72,75,86,78,80,82,85,86,85,86,76
2015-07-22,42,38,36,40,37,38,28,44,42,43,36,45
2015-07-23,32,29,30,35,28,28,27,28,34,30,25,40
2015-07-24,46,49,34,51,45,46,29,39,43,49,35,42
2015-07-25,64,64,50,69,62,61,44,61,71,69,47,53
2015-07-26,74,80,62,83,73,74,44,70,58,84,46,80
2015-07-27,60,55,59,56,53,52,57,65,73,61,58,53
2015-07-28,47,44,21,38,46,41,25,43,47,46,32,34
2015-07-29,60,64,40,68,61,64,32,53,57,64,38,63
2015-07-30,33,37,21,31,35,28,26,34,34,36,32,32
2015-07-31,38,40,19,37,39,37,28,38,39,39,30,33
2015-08-01,47,48,41,51,47,43,36,41,44,65,41,53
2015-08-02,48,39,35,46,43,43,39,50,55,51,40,35
2015-08-03,46,38,31,48,45,46,28,45,51,39,30,40
2015-08-04,34,37,36,33,35,33,51,33,45,34,38,34
2015-08-05,64,63,45,66,62,56,50,59,76,71,37,58
2015-08-06,49,45,43,47,50,44,33,46,55,51,34,42
2015-08-07,63,62,66,62,56,57,58,60,66,61,57,51
2015-08-08,36,42,31,37,38,34,38,34,43,35,30,31
2015-08-09,51,51,38,52,52,45,51,46,58,50,46,40
2015-08-10,41,42,34,46,46,39,40,41,51,46,40,32
2015-08-11,79,75,54,80,77,75,58,73,82,84,56,60
2015-08-12,74,79,65,81,76,67,58,67,73,81,54,70
2015-08-13,97,97,96,102,93,84,91,94,102,108,88,97
2015-08-14,58,51,50,53,55,46,47,56,62,45,40,52
2015-08-15,34,35,24,34,36,32,38,32,37,33,30,22
2015-08-16,57,59,53,58,56,56,60,57,61,55,56,47
2015-08-17,75,74,97,77,74,64,168,83,86,102,149,139
2015-08-18,44,43,50,47,50,44,66,49,51,51,51,40
2015-08-19,40,37,33,40,38,36,37,36,39,41,36,34
2015-08-20,43,42,31,38,45,40,33,37,45,43,25,33
2015-08-21,40,41,29,37,41,39,33,33,44,41,29,33
2015-08-22,27,30,24,26,30,30,27,24,32,28,25,24
2015-08-23,27,29,24,25,26,23,23,25,31,28,23,18
2015-08-24,25,26,17,24,27,23,23,21,28,25,21,18
2015-08-25,22,23,16,21,25,22,23,21,30,23,20,16
2015-08-26,23,27,17,25,27,24,25,21,30,25,20,20
2015-08-27,27,30,19,26,31,29,25,22,30,27,20,19
2015-08-28,30,31,23,28,33,31,26,24,35,29,23,24
2015-08-29,49,47,40,41,47,44,42,43,47,48,40,36
2015-08-30,26,26,21,23,26,24,31,23,27,27,30,22
2015-08-31,21,22,15,20,22,20,24,19,25,25,19,17
2015-09-01,16,18,11,17,18,16,22,15,24,19,13,14
2015-09-02,20,21,12,19,23,19,26,17,26,20,20,14
2015-09-03,29,30,19,27,27,27,32,26,31,30,26,23
2015-09-04,38,29,22,35,35,35,29,31,29,35,24,22
2015-09-05,27,29,26,27,27,27,34,26,32,30,25,21
2015-09-06,24,30,19,26,24,26,31,22,32,28,19,19
2015-09-07,27,28,26,27,25,26,29,25,29,28,24,28
2015-09-08,49,50,37,54,51,45,40,46,56,58,34,46
2015-09-09,36,32,21,35,34,34,28,32,35,36,20,22
2015-09-10,10,9,7,9,12,8,14,12,13,11,7,8
2015-09-11,17,18,14,16,17,15,23,15,22,17,13,12
2015-09-12,17,19,15,17,18,18,23,16,21,18,14,12
2015-09-13,30,29,20,29,30,25,31,32,48,37,23,25
2015-09-14,63,66,49,71,66,58,45,58,56,71,46,67
2015-09-15,75,74,63,81,72,70,60,77,87,84,61,70
2015-09-16,86,86,77,93,84,79,67,82,83,100,67,85
2015-09-17,98,95,92,106,98,88,79,90,97,106,83,100
2015-09-18,70,58,42,62,59,53,34,54,57,61,33,51
2015-09-19,24,23,20,27,18,20,28,22,43,28,19,19
2015-09-20,68,67,59,72,71,65,58,64,80,70,54,53
2015-09-21,82,67,66,82,73,63,75,83,105,91,68,72
2015-09-22,91,84,75,90,89,80,78,90,106,91,80,83
2015-09-23,26,23,19,26,27,24,20,24,37,26,20,22
2015-09-24,76,76,44,83,78,70,46,70,67,80,48,54
2015-09-25,19,16,16,19,21,16,20,26,22,19,16,18
2015-09-26,43,37,29,43,44,36,28,46,63,41,28,32
2015-09-27,52,46,32,57,51,46,33,49,61,57,32,41
2015-09-28,33,32,30,35,31,28,27,28,33,33,26,32
2015-09-29,29,29,20,30,29,28,20,27,31,29,23,26
2015-09-30,18,17,16,18,18,15,15,16,21,18,19,21
2015-10-01,16,17,13,20,17,17,22,16,24,19,14,14
2015-10-02,40,36,28,46,45,37,24,36,48,40,35,40
2015-10-03,40,33,29,41,42,37,25,37,55,42,24,38
2015-10-04,91,85,61,107,95,80,38,77,106,97,31,75
2015-10-05,130,136,138,144,137,124,105,118,136,133,37,147
2015-10-06,177,184,150,188,191,171,117,164,182,189,37,182
2015-10-07,172,154,150,172,165,144,145,169,163,173,25,159
2015-10-08,15,14,14,16,16,17,20,14,23,17,22,11
2015-10-09,20,23,13,27,27,25,25,21,29,29,20,20
2015-10-10,15,33,13,15,16,16,22,14,18,19,18,10
2015-10-11,21,23,20,21,21,20,30,21,25,26,19,14
2015-10-12,21,20,24,21,27,19,24,23,33,20,20,23
2015-10-13,42,41,20,47,44,35,27,42,58,45,25,31
2015-10-14,90,93,48,112,93,81,59,73,94,89,57,59
2015-10-15,77,78,57,88,79,69,59,72,98,86,65,68
2015-10-16,128,145,101,154,137,127,87,112,135,135,96,131
2015-10-17,183,201,150,197,186,171,145,175,180,188,143,179
2015-10-18,41,51,44,51,52,45,27,33,44,50,27,41
2015-10-19,59,58,64,62,60,47,49,26,76,62,47,59
2015-10-20,69,67,51,74,72,65,58,60,72,64,58,54
2015-10-21,32,32,27,33,35,31,29,31,36,29,30,32
2015-10-22,25,19,20,24,20,20,9,21,26,20,14,22
2015-10-23,34,34,31,35,32,29,24,34,53,35,28,34
2015-10-24,41,40,40,47,40,36,33,43,59,43,41,40
2015-10-25,33,31,52,37,32,29,32,31,51,36,41,46
2015-10-26,28,29,39,36,28,36,35,33,33,30,39,28
2015-10-27,26,22,20,33,28,28,19,23,45,24,30,25
2015-10-28,14,15,9,16,14,15,24,13,18,19,15,11
2015-10-29,14,17,17,16,17,17,24,13,19,19,16,17
2015-10-30,27,22,20,32,32,24,17,27,57,31,20,25
2015-10-31,42,36,22,45,41,34,30,42,63,42,44,32
2015-11-01,55,55,37,68,64,56,35,60,84,61,42,50
2015-11-02,68,62,39,74,69,57,42,69,107,76,44,46
2015-11-03,100,117,82,119,107,90,85,95,115,112,97,88
2015-11-04,138,129,112,143,129,126,108,130,151,144,116,135
2015-11-05,69,72,61,72,73,70,60,70,79,72,72,73
2015-11-06,11,15,10,13,12,15,19,11,14,13,25,18
2015-11-07,12,18,11,14,14,16,27,11,17,16,28,18
2015-11-08,33,32,33,34,32,30,40,32,40,33,38,38
2015-11-09,74,85,72,78,68,71,66,69,66,87,66,77
2015-11-10,85,83,67,85,86,84,56,73,87,84,51,85
2015-11-11,62,72,54,68,69,66,37,57,71,71,38,64
2015-11-12,97,103,73,98,103,97,61,85,101,101,65,94
2015-11-13,119,129,115,119,117,113,107,129,150,136,105,135
2015-11-14,164,167,149,160,167,160,117,163,187,169,140,176
2015-11-15,134,134,118,134,126,124,99,116,138,129,97,118
2015-11-16,34,34,46,34,40,38,40,31,40,36,38,43
2015-11-17,47,39,40,43,47,46,42,46,52,46,53,45
2015-11-18,43,38,48,40,42,41,48,40,50,46,47,42
2015-11-19,45,47,54,44,42,45,30,42,44,49,40,58
2015-11-20,38,41,43,38,38,38,35,35,41,39,35,46
2015-11-21,24,26,29,25,25,26,31,20,25,24,28,33
2015-11-22,31,31,30,28,29,30,34,29,35,30,31,34
2015-11-23,18,20,19,15,16,17,21,22,20,17,19,17
2015-11-24,25,23,16,19,24,24,21,20,34,17,23,18
2015-11-25,39,32,19,31,38,39,23,35,45,36,34,25
2015-11-26,28,20,17,24,25,25,15,24,32,23,16,16
2015-11-27,131,144,91,150,158,155,64,95,153,121,66,132
2015-11-28,164,177,115,178,180,173,105,142,166,168,114,159
2015-11-29,169,144,105,166,175,153,82,167,194,154,107,132
2015-11-30,241,247,91,266,249,243,61,191,165,237,102,159
2015-12-01,305,290,267,303,286,271,252,288,311,300,253,309
2015-12-02,16,13,31,16,15,17,23,16,14,20,27,34
2015-12-03,16,13,22,14,17,15,19,14,14,18,24,15
2015-12-04,27,16,17,22,34,24,19,19,32,20,15,14
2015-12-05,41,30,24,40,41,51,16,49,75,41,21,36
2015-12-06,95,101,46,109,101,102,56,78,83,97,63,76
2015-12-07,108,114,92,114,110,106,103,116,127,120,111,106
2015-12-08,155,159,135,149,133,122,140,154,163,162,142,151
2015-12-09,146,167,141,163,154,154,114,135,135,152,114,153
2015-12-10,66,66,64,66,61,61,42,64,61,69,47,63
2015-12-11,28,25,18,29,29,25,24,34,51,29,34,25
2015-12-12,78,99,38,100,119,100,57,67,86,72,67,73
2015-12-13,112,127,69,128,126,118,77,112,135,111,88,115
2015-12-14,97,91,118,81,129,107,65,82,126,85,66,124
2015-12-15,19,20,25,17,19,19,24,19,16,22,13,14
2015-12-16,11,13,16,13,13,14,18,12,13,15,10,14
2015-12-17,41,32,29,41,44,42,29,47,63,32,46,30
2015-12-18,46,49,29,49,47,47,35,57,73,51,28,33
2015-12-19,86,90,52,92,85,78,66,83,89,96,60,76
2015-12-20,128,139,94,135,137,123,99,103,117,120,100,115
2015-12-21,155,152,86,147,162,148,122,147,138,149,134,109
2015-12-22,192,199,122,203,197,203,132,181,181,197,172,141
2015-12-23,178,154,129,173,213,166,92,182,230,151,143,134
2015-12-24,76,55,107,72,232,115,33,62,90,50,63,122
2015-12-25,333,312,261,348,336,306,227,283,301,327,253,269
2015-12-26,190,166,170,192,186,162,264,201,206,199,289,177
2015-12-27,28,34,22,33,29,27,35,24,30,29,28,26
2015-12-28,70,66,38,72,73,65,69,75,83,84,77,57
2015-12-29,183,195,104,208,205,192,118,142,195,192,142,150
2015-12-30,42,67,89,44,45,48,24,41,39,62,45,124
2015-12-31,38,38,27,42,45,41,33,53,60,48,44,33
2016-01-01,115,121,82,117,117,111,84,102,119,116,102,113
2016-01-02,160,179,129,174,177,165,127,139,131,173,146,194
2016-01-03,154,137,139,148,148,137,167,172,179,161,172,170
2016-01-04,21,27,30,27,36,27,26,27,45,28,17,33
2016-01-05,24,20,14,27,29,27,21,28,39,25,15,16
2016-01-06,24,18,14,22,24,30,20,28,41,22,22,15
2016-01-07,13,16,12,17,14,16,22,12,20,18,16,16
2016-01-08,31,22,17,28,30,27,22,27,37,27,16,13
2016-01-09,56,48,26,55,60,57,37,56,68,50,60,33
2016-01-10,37,35,21,35,38,41,30,40,41,35,60,24
2016-01-11,16,19,15,20,18,19,24,15,20,19,17,22
2016-01-12,16,16,13,16,16,16,24,14,24,18,23,17
2016-01-13,26,19,20,25,37,34,27,26,38,26,22,17
2016-01-14,64,48,30,58,73,59,28,59,89,52,43,37
2016-01-15,70,81,53,79,81,82,55,72,73,73,71,74
2016-01-16,83,74,83,84,84,77,97,77,97,85,97,79
2016-01-17,29,24,34,31,26,27,25,29,31,30,27,32
2016-01-18,31,26,18,34,23,26,27,24,31,29,29,20
2016-01-19,58,46,27,56,61,50,35,50,75,46,42,35
2016-01-20,87,92,53,99,90,86,67,74,82,89,78,59
2016-01-21,79,75,83,78,79,83,84,87,98,84,79,77
2016-01-22,25,21,19,23,22,37,26,20,29,21,30,21
2016-01-23,25,22,17,28,23,33,27,19,33,25,26,23
2016-01-24,24,28,23,35,23,31,63,21,28,33,47,33
2016-01-25,30,19,27,31,35,39,25,25,30,23,17,20
2016-01-26,34,29,31,39,35,36,27,30,36,35,38,31
2016-01-27,61,63,41,65,67,66,43,67,72,69,54,67
2016-01-28,74,91,61,88,86,83,57,77,75,91,54,72
2016-01-29,46,43,63,48,42,42,60,47,48,56,50,59
2016-01-30,36,27,31,33,35,32,22,40,48,39,18,39
2016-01-31,15,20,16,20,22,24,26,18,19,21,19,22
2016-02-01,14,18,12,19,17,17,28,17,18,20,19,21
2016-02-02,18,16,18,18,20,19,29,23,24,18,20,20
2016-02-03,21,20,22,22,23,24,25,28,41,24,28,21
2016-02-04,20,22,15,25,23,23,30,23,22,25,23,24
2016-02-05,23,26,21,25,25,25,30,25,27,26,21,25
2016-02-06,28,20,16,26,32,27,28,22,27,21,19,22
2016-02-07,40,38,35,44,44,39,38,36,59,39,47,48
2016-02-08,157,132,106,169,167,187,58,156,85,150,93,144
2016-02-09,27,27,26,27,34,29,27,24,30,28,33,26
2016-02-10,59,64,45,63,59,56,50,57,57,66,50,70
2016-02-11,90,92,97,95,90,90,116,87,83,105,106,124
2016-02-12,84,91,81,90,90,86,89,88,90,93,85,98
2016-02-13,21,24,17,22,23,23,29,23,23,23,19,20
2016-02-14,23,24,18,25,26,26,30,26,25,25,21,26
2016-02-15,23,26,18,33,25,26,34,27,25,33,38,21
2016-02-16,24,25,18,27,24,25,30,28,26,26,30,18
2016-02-17,32,27,27,32,33,30,25,30,36,32,22,23
2016-02-18,24,24,25,24,24,24,30,28,25,25,22,21
2016-02-19,19,21,22,20,21,21,25,19,27,22,26,21
2016-02-20,22,23,20,25,24,24,27,23,21,24,20,20
2016-02-21,60,60,49,66,65,63,53,55,56,62,56,48
2016-02-22,52,46,52,55,50,52,53,51,68,57,53,50
2016-02-23,24,25,29,25,28,25,29,26,27,25,21,25
2016-02-24,25,23,18,26,33,33,24,23,29,26,32,19
2016-02-25,24,21,25,24,24,33,22,23,30,27,29,24
2016-02-26,34,31,32,35,32,33,24,32,43,36,33,30
2016-02-27,18,19,22,18,20,20,26,15,21,21,18,19
2016-02-28,27,26,27,32,27,31,24,27,32,34,29,26
2016-02-29,22,20,20,23,23,23,23,22,32,28,30,18
2016-03-01,74,70,66,78,76,70,67,74,80,83,74,71
2016-03-02,100,105,83,108,110,104,83,100,127,109,91,98
2016-03-03,171,172,144,180,165,161,152,167,172,187,151,180
2016-03-04,187,196,212,195,186,181,210,213,203,216,195,224
2016-03-05,195,164,138,213,183,210,188,179,208,210,190,112
2016-03-06,107,108,91,118,103,107,107,104,120,118,109,77
2016-03-07,55,53,46,87,56,61,56,50,48,60,52,49
2016-03-08,24,27,24,23,27,24,29,27,26,25,22,22
2016-03-09,21,23,20,23,25,25,28,24,25,24,20,21
2016-03-10,31,24,24,34,25,25,32,27,29,34,41,26
2016-03-11,34,28,25,34,26,25,29,25,38,34,28,25
2016-03-12,90,74,68,83,73,70,78,79,91,92,78,86
2016-03-13,34,25,35,30,25,26,31,26,28,30,23,49
2016-03-14,78,69,56,73,68,61,60,62,75,79,60,63
2016-03-15,128,102,96,115,107,100,114,113,133,138,98,111
2016-03-16,175,154,159,164,156,146,157,159,164,179,152,163
2016-03-17,182,158,167,177,167,155,193,185,206,178,169,158
2016-03-18,126,119,96,126,121,111,114,129,132,129,87,100
2016-03-19,71,66,50,68,63,58,72,62,61,85,60,60
2016-03-20,61,55,53,54,57,43,63,66,80,76,58,54
2016-03-21,116,105,80,108,108,96,88,102,115,141,84,94
2016-03-22,137,127,77,130,117,116,112,134,134,152,109,88
2016-03-23,26,27,26,26,25,22,35,32,25,26,27,25
2016-03-24,14,21,23,23,23,21,33,18,29,21,23,20
2016-03-25,18,25,23,21,21,20,34,30,21,23,27,22
2016-03-26,23,23,22,25,25,22,33,26,28,26,24,18
2016-03-27,27,22,24,23,23,24,29,31,26,25,25,21
2016-03-28,130,116,74,130,106,64,89,123,156,137,95,93
2016-03-29,50,40,20,48,40,35,33,50,75,48,27,24
2016-03-30,45,38,35,41,37,41,41,45,61,45,42,30
2016-03-31,161,138,131,142,126,131,148,141,164,158,137,116
2016-04-01,93,66,57,87,69,91,108,93,105,76,91,70
2016-04-02,24,26,23,27,27,27,32,27,26,28,26,28
2016-04-03,30,26,24,31,29,29,29,43,39,30,28,29
2016-04-04,72,62,68,66,58,67,60,63,79,72,56,66
2016-04-05,104,93,83,96,81,96,88,94,104,93,78,81
2016-04-06,110,94,91,100,92,95,117,99,113,103,97,89
2016-04-07,90,88,65,92,69,81,82,88,89,83,70,77
2016-04-08,53,44,41,55,45,46,54,53,64,57,44,40
2016-04-09,158,150,146,154,122,139,157,142,157,158,137,133
2016-04-10,125,111,135,113,101,101,121,109,122,127,122,103
2016-04-11,63,57,59,56,54,53,62,55,67,73,77,48
2016-04-12,61,50,36,54,54,49,47,53,72,60,47,58
2016-04-13,98,93,84,86,95,87,63,79,99,87,71,105
2016-04-14,62,52,53,49,57,50,59,58,78,61,63,45
2016-04-15,71,60,45,60,88,63,52,64,69,70,53,52
2016-04-16,51,43,27,48,42,48,65,39,35,46,59,56
2016-04-17,30,31,29,31,33,32,35,32,34,33,26,25
2016-04-18,27,28,25,29,29,29,30,28,31,30,23,25
2016-04-19,70,51,55,60,63,58,52,52,72,57,61,58
2016-04-20,55,40,36,49,51,51,47,44,71,55,60,35
2016-04-21,113,96,86,115,96,94,78,70,88,104,47,99
2016-04-22,68,54,83,74,55,63,79,38,64,58,27,80
2016-04-23,37,27,32,36,34,32,33,26,51,27,38,30
2016-04-24,110,81,90,88,94,86,84,58,120,77,81,82
2016-04-25,97,71,102,79,88,81,97,57,108,73,82,83
2016-04-26,82,71,88,63,75,79,84,46,93,60,74,81
2016-04-27,69,61,60,63,61,57,63,50,74,56,62,67
2016-04-28,70,60,58,65,63,61,58,54,65,63,53,61
2016-04-29,98,79,79,88,86,85,81,71,105,78,77,88
2016-04-30,124,103,95,121,115,102,105,95,129,103,89,113
2016-05-01,129,117,116,135,117,104,118,113,131,114,117,139
2016-05-02,67,49,48,60,67,72,55,46,66,49,49,85
2016-05-03,47,33,33,40,43,42,37,31,45,33,32,31
2016-05-04,40,30,36,29,34,35,74,28,47,32,30,25
2016-05-05,91,51,59,53,77,71,87,45,89,53,67,46
2016-05-06,48,110,47,119,41,45,63,73,84,93,79,79
2016-05-07,31,31,33,31,32,33,35,30,36,32,28,27
2016-05-08,86,51,66,48,78,75,63,41,87,50,60,55
2016-05-09,50,28,38,27,40,40,37,25,48,32,34,32
2016-05-10,49,33,33,38,45,39,37,32,51,38,32,32
2016-05-11,114,85,108,100,105,89,94,94,123,91,96,79
2016-05-12,35,29,25,38,36,36,33,26,38,31,26,26
2016-05-13,39,43,30,41,46,35,30,27,39,28,28,29
2016-05-14,30,25,36,29,31,28,23,24,33,27,25,27
2016-05-15,26,24,23,28,31,26,22,26,36,30,15,23
2016-05-16,36,34,27,30,50,30,30,24,42,27,23,25
2016-05-17,78,67,54,62,71,63,52,43,74,50,49,58
2016-05-18,71,57,66,52,66,54,60,47,75,53,58,55
2016-05-19,74,69,68,63,72,66,62,61,80,68,62,65
2016-05-20,73,65,57,60,64,63,64,56,77,57,62,54
2016-05-21,58,51,52,49,54,55,56,48,66,50,48,39
2016-05-22,60,54,53,45,54,46,54,41,57,44,46,48
2016-05-23,63,53,62,48,58,52,53,40,63,41,49,49
2016-05-24,24,32,23,25,32,29,42,30,32,32,21,27
2016-05-25,31,35,29,32,39,38,32,35,41,37,27,29
2016-05-26,41,36,23,36,38,37,33,32,42,34,30,26
2016-05-27,76,67,55,61,76,67,49,50,73,52,46,53
2016-05-28,56,47,55,44,53,48,64,46,76,50,57,41
2016-05-29,46,40,36,39,44,44,42,40,53,43,36,35
2016-05-30,111,85,90,79,96,95,85,81,102,73,75,71
2016-05-31,73,74,72,61,69,65,95,63,74,56,68,57
2016-06-01,45,37,42,35,41,44,51,37,50,36,49,30
2016-06-02,59,49,50,44,55,53,61,50,69,48,55,43
2016-06-03,87,72,60,64,76,74,59,72,108,63,64,51
2016-06-04,74,65,90,56,72,69,72,64,91,63,69,65
2016-06-05,65,53,58,68,58,57,68,56,79,50,64,48
2016-06-06,67,61,52,81,66,65,60,59,73,65,49,56
2016-06-07,49,44,52,46,47,46,37,40,49,45,43,45
2016-06-08,86,79,61,81,91,83,55,74,85,73,58,72
2016-06-09,85,77,83,76,75,82,81,76,91,74,79,72
2016-06-10,47,45,43,44,51,42,43,41,52,50,34,46
2016-06-11,29,30,22,30,33,28,30,30,34,30,26,29
2016-06-12,56,52,51,47,51,52,47,47,66,51,48,56
2016-06-13,37,33,33,35,37,35,34,30,41,37,23,26
2016-06-14,27,28,26,26,31,26,30,26,34,29,18,26
2016-06-15,34,34,30,34,38,32,38,33,41,34,30,34
2016-06-16,31,27,29,28,31,27,30,40,48,31,23,29
2016-06-17,35,33,22,34,37,41,29,40,48,26,24,25
2016-06-18,51,46,42,44,45,44,40,39,52,42,35,39
2016-06-19,58,59,47,54,60,59,45,51,68,58,43,49
2016-06-20,63,65,65,62,73,65,57,56,78,70,56,68
2016-06-21,64,66,51,67,81,67,47,56,65,59,45,51
2016-06-22,48,53,57,44,54,44,47,44,50,55,45,53
2016-06-23,63,55,54,57,59,54,38,58,81,60,44,62
2016-06-24,21,23,16,24,27,22,30,23,29,24,23,19
2016-06-25,26,31,22,29,30,20,37,25,33,29,32,31
2016-06-26,49,47,41,43,45,43,49,42,58,44,43,44
2016-06-27,56,49,51,47,61,46,45,49,71,49,47,49
2016-06-28,49,46,26,48,46,44,35,42,45,44,32,29
2016-06-29,83,67,47,73,72,69,61,69,72,68,58,54
2016-06-30,51,40,29,45,52,47,33,41,61,46,29,40
2016-07-01,32,37,19,36,39,33,33,31,39,35,29,23
2016-07-02,43,42,40,38,41,37,108,37,45,44,36,44
2016-07-03,71,55,44,58,63,57,102,64,92,59,53,52
2016-07-04,87,87,77,87,79,83,96,73,83,82,90,72
2016-07-05,69,60,58,60,61,58,91,60,70,59,60,55
2016-07-06,58,54,57,51,55,49,85,54,70,58,59,62
2016-07-07,78,70,70,72,72,68,79,72,86,69,74,72
2016-07-08,69,56,51,67,59,55,73,59,69,58,61,49
2016-07-09,60,49,47,67,51,48,67,49,64,49,49,47
2016-07-10,64,51,64,75,56,50,61,55,64,55,62,63
2016-07-11,66,51,62,80,61,53,55,57,68,55,64,58
2016-07-12,27,28,29,26,29,24,50,26,34,29,24,30
2016-07-13,36,36,22,37,39,32,44,35,44,38,30,36
2016-07-14,35,35,32,35,36,32,35,37,45,37,34,38
2016-07-15,25,24,23,25,25,21,28,23,28,27,23,30
2016-07-16,30,25,17,26,28,27,16,26,33,26,20,21
2016-07-17,57,56,41,50,55,52,43,48,62,51,44,51
2016-07-18,76,61,62,60,64,62,61,72,92,61,57,61
2016-07-19,74,65,44,69,73,72,40,56,70,59,38,50
2016-07-20,28,23,25,24,23,22,23,24,25,24,16,21
2016-07-21,27,15,11,17,18,17,15,17,21,16,12,20
2016-07-22,78,45,34,53,49,44,30,47,46,50,34,43
2016-07-23,107,77,55,77,88,80,53,90,93,81,57,58
2016-07-24,60,43,36,49,51,44,35,59,61,43,29,36
2016-07-25,30,26,18,29,28,25,23,46,45,48,23,30
2016-07-26,37,39,25,35,36,34,27,35,37,51,25,34
2016-07-27,49,47,42,47,48,47,45,45,51,47,41,46
2016-07-28,39,40,43,64,34,30,45,35,45,42,43,41
2016-07-29,79,75,67,80,76,78,69,71,81,70,66,70
2016-07-30,85,88,64,94,87,83,76,77,85,86,68,76
2016-07-31,38,37,28,39,41,40,29,33,36,31,27,30
2016-08-01,52,42,31,45,50,46,34,46,60,39,36,31
2016-08-02,44,37,25,39,45,39,32,40,47,37,33,31
2016-08-03,51,51,28,46,51,48,29,48,56,52,36,41
2016-08-04,69,64,65,65,61,59,50,62,71,64,56,75
2016-08-05,41,39,42,39,44,39,43,38,54,43,43,41
2016-08-06,66,67,63,66,66,62,54,58,77,63,58,63
2016-08-07,32,35,22,33,31,30,31,32,39,37,27,33
2016-08-08,35,36,23,35,31,33,28,35,39,38,31,31
2016-08-09,41,39,42,38,34,34,48,35,49,43,45,47
2016-08-10,56,50,65,52,54,50,51,46,68,47,54,62
2016-08-11,60,48,58,51,56,48,59,54,77,49,65,53
2016-08-12,44,35,36,39,40,34,36,40,53,36,41,39
2016-08-13,22,20,12,19,21,20,14,22,29,13,19,17
2016-08-14,31,37,19,33,32,28,28,30,37,36,26,27
2016-08-15,23,30,23,26,29,22,22,19,24,26,21,22
2016-08-16,28,32,29,29,28,28,28,27,28,33,28,32
2016-08-17,55,55,35,49,49,48,28,45,64,38,36,45
2016-08-18,50,50,34,52,53,51,30,45,46,49,33,39
2016-08-19,26,36,18,28,27,30,26,25,27,27,22,28
2016-08-20,46,47,26,42,44,38,32,37,52,48,32,29
2016-08-21,48,57,45,49,47,47,46,42,50,54,46,51
2016-08-22,42,46,49,43,40,40,38,37,57,47,44,52
2016-08-23,58,45,47,44,51,47,41,51,77,39,51,49
2016-08-24,58,56,49,54,58,55,42,55,72,48,51,51
2016-08-25,18,24,18,20,20,20,28,20,21,21,21,25
2016-08-26,20,21,15,19,21,19,24,19,18,20,20,18
2016-08-27,31,21,17,19,26,24,22,24,20,17,17,20
2016-08-28,20,22,15,21,21,20,25,16,29,23,21,19
2016-08-29,30,26,21,22,30,24,26,31,45,24,26,28
2016-08-30,43,43,32,35,43,38,33,40,51,43,37,37
2016-08-31,23,26,22,22,23,26,22,23,22,20,21,20
2016-09-01,20,18,16,16,19,22,25,20,24,18,15,18
2016-09-02,22,18,14,16,22,21,16,22,36,15,11,15
2016-09-03,28,28,17,25,27,26,28,25,42,27,22,22
2016-09-04,64,56,55,54,58,53,56,59,87,55,59,65
2016-09-05,30,32,19,31,31,30,21,29,27,33,18,22
2016-09-06,22,21,13,16,23,20,19,32,37,16,13,18
2016-09-07,41,37,37,35,38,35,35,33,60,40,39,39
2016-09-08,24,21,16,21,25,23,21,20,29,22,16,26
2016-09-09,23,21,16,20,24,26,20,23,35,25,17,25
2016-09-10,20,22,20,19,26,22,25,25,35,22,23,24
2016-09-11,30,32,22,32,31,34,28,25,32,33,27,23
2016-09-12,31,25,20,23,26,25,17,26,44,30,23,22
2016-09-13,57,55,49,56,60,54,50,50,82,58,52,59
2016-09-14,64,62,71,65,66,60,59,57,76,66,57,77
2016-09-15,56,56,46,56,57,52,39,45,69,53,30,60
2016-09-16,89,95,65,92,94,91,65,78,112,84,72,78
2016-09-17,33,31,20,30,36,31,26,30,38,32,25,27
2016-09-18,14,13,11,15,15,15,11,13,15,14,13,16
2016-09-19,11,14,17,12,15,12,18,17,16,13,13,15
2016-09-20,23,24,14,18,25,21,11,26,40,22,18,21
2016-09-21,69,76,31,55,60,54,44,60,80,59,38,42
2016-09-22,83,71,52,67,72,67,47,65,91,67,50,53
2016-09-23,82,83,77,81,64,73,57,69,77,82,62,85
2016-09-24,94,88,57,78,77,80,46,77,98,77,50,65
2016-09-25,119,119,80,108,101,109,74,101,119,100,88,96
2016-09-26,40,37,30,40,36,35,31,32,44,34,32,36
2016-09-27,26,21,12,30,20,25,23,15,25,19,21,17
2016-09-28,20,16,13,22,14,16,21,9,25,19,17,16
2016-09-29,56,59,32,63,36,45,24,30,61,47,35,42
2016-09-30,93,84,54,96,60,68,53,61,84,72,71,64
2016-10-01,126,119,100,135,94,98,96,103,126,105,110,109
2016-10-02,130,124,101,135,111,109,98,119,132,114,105,98
2016-10-03,84,76,68,84,68,74,74,94,108,78,91,72
2016-10-04,32,33,41,36,22,28,27,25,25,28,28,39
2016-10-05,41,41,36,58,34,35,26,35,41,37,35,42
2016-10-06,55,50,45,55,39,44,46,50,52,45,45,49
2016-10-07,25,25,21,24,22,23,16,22,23,24,20,36
2016-10-08,15,17,13,15,15,17,20,16,18,18,19,17
2016-10-09,38,43,29,44,32,37,64,33,40,34,36,32
2016-10-10,87,88,58,94,71,66,117,67,73,70,56,61
2016-10-11,83,84,77,90,75,76,106,70,82,72,63,80
2016-10-12,62,61,62,63,50,52,94,54,64,52,62,58
2016-10-13,113,111,89,124,94,92,82,92,99,101,77,95
2016-10-14,160,142,153,170,134,126,136,144,164,146,147,148
2016-10-15,135,122,100,134,108,103,124,119,145,120,124,86
2016-10-16,69,68,75,71,66,64,83,66,75,67,89,72
2016-10-17,57,53,37,59,46,52,23,47,57,51,39,42
2016-10-18,113,95,79,104,88,92,73,97,98,87,88,72
2016-10-19,138,137,148,158,135,130,116,139,158,138,124,132
2016-10-20,76,68,75,75,61,61,70,65,74,66,67,62
2016-10-21,27,28,21,27,27,27,22,25,26,28,26,23
2016-10-22,12,12,12,11,11,11,10,11,11,11,14,12
2016-10-23,28,30,17,33,28,26,17,27,32,25,27,26
2016-10-24,72,78,49,84,63,59,36,62,63,75,49,61
2016-10-25,85,94,72,104,80,75,53,76,73,77,64,74
2016-10-26,54,51,41,55,50,46,34,47,51,47,46,42
2016-10-27,34,37,26,32,31,33,29,32,33,31,33,16
2016-10-28,14,12,18,14,11,13,16,12,21,12,13,22
2016-10-29,32,34,31,28,28,38,22,33,44,28,29,48
2016-10-30,56,54,35,53,49,60,26,48,48,47,36,53
2016-10-31,14,16,25,17,16,23,20,16,14,17,15,18
2016-11-01,41,42,36,38,44,33,30,42,55,36,37,43
2016-11-02,100,102,74,94,94,81,38,88,92,83,62,89
2016-11-03,154,160,145,147,143,128,81,135,135,137,102,143
2016-11-04,202,182,165,178,165,143,147,177,171,164,153,112
2016-11-05,132,118,114,118,120,120,92,115,117,106,113,101
2016-11-06,46,44,59,45,47,45,48,46,56,44,49,50
2016-11-07,31,32,29,30,30,32,17,26,27,30,21,30
2016-11-08,39,26,29,32,34,29,23,38,58,33,30,35
2016-11-09,132,130,86,120,118,107,80,119,115,108,97,97
2016-11-10,107,95,111,93,94,90,96,120,119,98,104,99
2016-11-11,89,71,55,76,77,66,51,72,78,65,66,67
2016-11-12,82,72,73,72,72,64,66,76,83,69,88,64
2016-11-13,100,106,85,95,93,90,68,85,90,88,76,94
2016-11-14,72,58,33,53,47,51,33,44,42,43,42,42
2016-11-15,42,51,33,42,40,38,26,46,55,29,48,45
2016-11-16,95,99,67,87,88,77,74,86,102,71,78,81
2016-11-17,97,111,110,90,96,87,85,75,81,89,94,122
2016-11-18,174,182,182,158,162,146,146,166,155,156,159,156
2016-11-19,106,91,74,96,99,93,59,114,106,92,85,75
2016-11-20,38,39,26,40,39,42,36,33,35,34,33,28
2016-11-21,18,19,23,18,19,21,24,20,17,22,15,25
2016-11-22,14,17,20,16,16,16,22,18,14,20,15,21
2016-11-23,21,14,14,20,29,29,20,16,30,15,19,14
2016-11-24,63,60,48,73,63,65,37,54,65,52,43,47
2016-11-25,133,132,74,149,123,134,80,126,138,114,92,100
2016-11-26,232,251,168,229,231,233,152,212,227,219,168,205
2016-11-27,47,84,48,53,45,44,36,42,43,45,57,77
2016-11-28,56,65,30,69,61,65,41,62,80,52,50,35
2016-11-29,96,81,59,96,83,92,67,102,104,88,81,60
2016-11-30,85,77,64,92,83,86,46,74,91,73,70,72
2016-12-01,31,26,18,33,29,32,18,33,45,26,23,15
2016-12-02,78,81,37,90,84,90,50,77,81,60,59,49
2016-12-03,135,180,110,176,147,167,78,106,128,135,97,142
2016-12-04,208,201,118,230,200,205,78,175,166,193,105,164
2016-12-05,39,32,37,36,32,37,45,36,51,29,51,57
2016-12-06,78,84,43,95,71,76,35,71,71,73,45,65
2016-12-07,107,104,86,124,108,114,45,96,99,100,67,84
2016-12-08,83,81,53,92,80,90,54,70,92,69,75,60
2016-12-09,23,21,15,24,23,23,16,24,32,21,18,20
2016-12-10,40,41,18,47,44,42,42,48,52,36,43,30
2016-12-11,125,147,74,150,122,132,74,108,118,123,92,103
2016-12-12,137,137,135,154,133,149,137,142,163,128,147,137
2016-12-13,30,30,20,26,35,35,26,45,57,35,50,27
2016-12-14,21,23,17,27,25,26,17,26,31,20,18,18
2016-12-15,33,30,18,40,30,34,21,30,39,31,28,26
2016-12-16,107,94,27,110,126,128,34,78,108,63,45,38
2016-12-17,149,156,73,170,141,162,72,120,115,133,84,117
2016-12-18,148,159,99,175,161,157,111,126,126,139,126,114
2016-12-19,169,142,82,169,175,156,102,138,117,137,105,113
2016-12-20,252,223,219,267,248,259,167,221,302,201,233,176
2016-12-21,250,230,250,265,253,261,240,230,281,222,249,224
2016-12-22,37,52,78,53,50,55,24,35,17,40,27,80
2016-12-23,22,27,17,33,22,29,21,22,30,19,22,18
2016-12-24,89,94,55,110,77,85,67,86,97,88,80,70
2016-12-25,98,106,81,113,98,108,92,98,99,99,90,76
2016-12-26,28,35,24,37,29,33,28,27,34,31,35,31
2016-12-27,32,31,20,38,32,38,23,36,42,28,32,25
2016-12-28,46,56,40,60,53,58,32,44,50,45,34,51
2016-12-29,50,57,24,59,59,63,27,39,44,42,30,34
2016-12-30,173,186,71,213,195,212,71,142,137,132,79,104
2016-12-31,231,226,99,267,252,255,128,193,212,191,135,143
2017-01-01,331,303,304,350,289,306,188,308,338,287,284,276
2017-01-02,126,126,127,142,172,161,62,124,124,116,99,147
2017-01-03,211,240,107,242,246,258,108,183,212,179,136,178
2017-01-04,253,280,128,285,287,322,83,262,309,228,151,214
2017-01-05,141,138,179,151,141,141,145,137,155,136,162,169
2017-01-06,122,138,99,135,123,125,102,114,115,118,99,131
2017-01-07,97,115,85,110,106,110,77,92,112,93,110,93
2017-01-08,18,14,27,19,41,36,23,23,30,18,15,30
2017-01-09,31,25,18,31,32,34,20,22,27,23,24,17
2017-01-10,38,22,22,25,32,35,22,29,35,19,17,18
2017-01-11,58,49,25,66,72,71,21,53,55,37,31,27
2017-01-12,40,36,22,48,42,46,26,43,52,37,27,34
2017-01-13,30,23,24,23,22,23,29,25,20,27,21,28
2017-01-14,23,24,23,25,24,26,25,24,32,22,24,25
2017-01-15,39,41,52,46,39,42,52,39,47,36,51,46
2017-01-16,64,68,59,75,57,53,69,68,78,61,66,65
2017-01-17,88,94,81,103,88,81,70,84,99,90,75,89
2017-01-18,31,33,24,36,33,25,24,32,50,30,27,26
2017-01-19,59,60,29,65,49,68,39,49,62,51,48,46
2017-01-20,20,19,21,24,22,23,25,21,28,22,18,18
2017-01-21,29,33,20,35,29,34,23,26,34,28,25,30
2017-01-22,23,23,18,27,23,24,23,23,26,19,15,19
2017-01-23,25,30,17,31,27,29,22,24,26,23,25,24
2017-01-24,64,69,34,74,71,68,45,57,65,56,48,50
2017-01-25,114,112,84,127,118,114,92,101,109,108,94,106
2017-01-26,105,119,94,129,118,123,87,96,98,106,91,112
2017-01-27,56,52,57,62,58,53,28,52,64,45,36,62
2017-01-28,275,255,188,293,281,248,150,248,279,261,198,259
2017-01-29,48,47,41,60,51,56,31,41,47,44,37,42
2017-01-30,29,24,21,24,21,23,26,22,22,29,20,23
2017-01-31,56,52,42,58,62,58,31,51,70,46,33,54
2017-02-01,35,28,24,37,30,33,25,36,41,29,21,22
2017-02-02,63,67,35,76,71,77,39,64,54,55,44,44
2017-02-03,112,119,77,125,118,122,66,106,121,100,69,94
2017-02-04,161,172,139,195,186,184,91,144,164,157,93,164
2017-02-05,28,25,23,23,21,21,30,22,17,29,22,26
2017-02-06,29,25,24,22,21,24,27,22,19,27,17,26
2017-02-07,54,49,48,59,47,50,41,59,67,52,50,65
2017-02-08,32,30,23,38,31,40,28,29,30,31,24,22
2017-02-09,40,28,35,29,27,29,34,33,20,37,23,30
2017-02-10,33,23,34,26,24,29,31,29,21,34,24,31
2017-02-11,45,53,27,54,47,42,26,41,58,37,27,25
2017-02-12,87,113,44,121,95,114,46,77,87,77,53,65
2017-02-13,75,77,56,80,66,70,29,61,67,67,38,55
2017-02-14,118,109,109,116,108,108,96,115,125,111,108,120
2017-02-15,137,148,131,143,149,135,138,146,147,136,143,139
2017-02-16,70,73,61,79,74,77,50,68,76,81,58,68
2017-02-17,22,24,27,26,23,29,28,21,27,22,21,23
2017-02-18,73,75,59,87,75,78,58,71,92,66,61,59
2017-02-19,87,87,70,116,87,93,72,82,89,84,81,74
2017-02-20,19,22,31,24,20,25,30,22,24,22,20,25
2017-02-21,39,36,55,41,38,35,44,40,52,37,50,52
2017-02-22,48,44,47,47,55,50,44,43,46,48,47,46
2017-02-23,19,22,32,21,19,22,30,20,23,28,19,22
2017-02-24,25,23,25,28,29,31,27,23,31,19,16,18
2017-02-25,19,20,28,21,20,22,27,21,20,24,18,19
2017-02-26,27,23,25,29,27,25,24,26,42,24,28,25
2017-02-27,63,76,51,78,53,64,39,57,68,56,41,53
2017-02-28,23,21,24,22,20,21,30,20,20,30,18,21
